           :-) GROMACS - gmx mdrun, 2023.3-Ubuntu_2023.3_1ubuntu3 (-:

Copyright 1991-2023 The GROMACS Authors.
GROMACS is free software; you can redistribute it and/or modify it
under the terms of the GNU Lesser General Public License
as published by the Free Software Foundation; either version 2.1
of the License, or (at your option) any later version.

                         Current GROMACS contributors:
       Mark Abraham           Andrey Alekseenko           Cathrine Bergh      
      Christian Blau            Eliane Briand             Mahesh Doijade      
    Stefan Fleischmann           Vytas Gapsys              Gaurav Garg        
      Sergey Gorelov         Gilles Gouaillardet            Alan Gray         
     M. Eric Irrgang         Farzaneh Jalalypour            Joe Jordan        
    Christoph Junghans        Prashanth Kanduri          Sebastian Keller     
     Carsten Kutzner           Justin A. Lemkul          Magnus Lundborg      
       Pascal Merz              Vedran Miletic            Dmitry Morozov      
       Szilard Pall             Roland Schulz             Michael Shirts      
     Alexey Shvetsov            Balint Soproni         David van der Spoel    
      Philip Turner             Carsten Uphoff           Alessandra Villa     
 Sebastian Wingbermuehle        Artem Zhmurov       

                         Previous GROMACS contributors:
        Emile Apol             Rossen Apostolov           James Barnett       
  Herman J.C. Berendsen          Par Bjelkmar           Viacheslav Bolnykh    
        Kevin Boyd            Aldert van Buuren          Carlo Camilloni      
     Rudi van Drunen            Anton Feenstra           Oliver Fleetwood     
     Gerrit Groenhof            Bert de Groot             Anca Hamuraru       
    Vincent Hindriksen          Victor Holanda           Aleksei Iupinov      
   Dimitrios Karkoulis           Peter Kasson             Sebastian Kehl      
        Jiri Kraus               Per Larsson              Viveca Lindahl      
      Erik Marklund           Pieter Meulenhoff           Teemu Murtola       
       Sander Pronk             Alfons Sijbers            Peter Tieleman      
       Jon Vincent             Teemu Virolainen         Christian Wennberg    
       Maarten Wolf       

                  Coordinated by the GROMACS project leaders:
                    Paul Bauer, Berk Hess, and Erik Lindahl

GROMACS:      gmx mdrun, version 2023.3-Ubuntu_2023.3_1ubuntu3
Executable:   /usr/bin/gmx
Data prefix:  /usr
Working dir:  /home/spwifi/md
Process ID:   16837
Command line:
  gmx mdrun -deffnm npt

GROMACS version:    2023.3-Ubuntu_2023.3_1ubuntu3
Precision:          mixed
Memory model:       64 bit
MPI library:        thread_mpi
OpenMP support:     enabled (GMX_OPENMP_MAX_THREADS = 128)
GPU support:        disabled
SIMD instructions:  SSE4.1
CPU FFT library:    fftw-3.3.10-sse2-avx
GPU FFT library:    none
Multi-GPU FFT:      none
RDTSCP usage:       enabled
TNG support:        enabled
Hwloc support:      hwloc-2.8.0
Tracing support:    disabled
C compiler:         /usr/bin/cc GNU 13.2.0
C compiler flags:   -fexcess-precision=fast -funroll-all-loops -msse4.1 -Wno-missing-field-initializers -O3 -DNDEBUG
C++ compiler:       /usr/bin/c++ GNU 13.2.0
C++ compiler flags: -fexcess-precision=fast -funroll-all-loops -msse4.1 -Wno-missing-field-initializers -Wno-cast-function-type-strict SHELL:-fopenmp -O3 -DNDEBUG
BLAS library:       External - detected on the system
LAPACK library:     External - detected on the system


Running on 1 node with total 24 cores, 48 processing units
Hardware detected on host iodt-nh2-vyos:
  CPU info:
    Vendor: Intel
    Brand:  Intel(R) Xeon(R) Gold 6212U CPU @ 2.40GHz
    Family: 6   Model: 85   Stepping: 7
    Features: aes apic avx avx2 avx512f avx512cd avx512bw avx512vl avx512secondFMA clfsh cmov cx8 cx16 f16c fma htt intel lahf mmx msr nonstop_tsc pcid pclmuldq pdcm pdpe1gb popcnt pse rdrnd rdtscp sse2 sse3 sse4.1 sse4.2 ssse3 tdt x2apic
    Number of AVX-512 FMA units: Cannot run AVX-512 detection - assuming 2
  Hardware topology: Full, with devices
    Packages, cores, and logical processors:
    [indices refer to OS logical processors]
      Package  0: [   0  24] [   1  25] [   2  26] [   3  27] [   4  28] [   5  29] [   6  30] [   7  31] [   8  32] [   9  33] [  10  34] [  11  35] [  12  36] [  13  37] [  14  38] [  15  39] [  16  40] [  17  41] [  18  42] [  19  43] [  20  44] [  21  45] [  22  46] [  23  47]
    CPU limit set by OS: -1   Recommended max number of threads: 48
    Numa nodes:
      Node  0 (99814408192 bytes mem):   0  24   1  25   2  26   3  27   4  28   5  29   6  30   7  31   8  32   9  33  10  34  11  35  12  36  13  37  14  38  15  39  16  40  17  41  18  42  19  43  20  44  21  45  22  46  23  47
      Latency:
               0
         0  1.00
    Caches:
      L1: 32768 bytes, linesize 64 bytes, assoc. 8, shared 2 ways
      L2: 1048576 bytes, linesize 64 bytes, assoc. 16, shared 2 ways
      L3: 37486592 bytes, linesize 64 bytes, assoc. 11, shared 48 ways
    PCI devices:
      0000:00:11.5  Id: 8086:a1d2  Class: 0x0106  Numa: 0
      0000:00:17.0  Id: 8086:a182  Class: 0x0106  Numa: 0
      0000:03:00.0  Id: 1a03:2000  Class: 0x0300  Numa: 0
      0000:19:00.0  Id: 8086:37d2  Class: 0x0200  Numa: 0
      0000:19:00.1  Id: 8086:37d2  Class: 0x0200  Numa: 0
      0000:b3:00.0  Id: 15b3:1015  Class: 0x0200  Numa: 0
      0000:b3:00.1  Id: 15b3:1015  Class: 0x0200  Numa: 0

Likely fastest SIMD instructions supported by all nodes: AVX_512
SIMD instructions selected at compile time:              SSE4.1


++++ PLEASE READ AND CITE THE FOLLOWING REFERENCE ++++
M. J. Abraham, T. Murtola, R. Schulz, S. Páll, J. C. Smith, B. Hess, E.
Lindahl
GROMACS: High performance molecular simulations through multi-level
parallelism from laptops to supercomputers
SoftwareX 1 (2015) pp. 19-25
-------- -------- --- Thank You --- -------- --------


++++ PLEASE READ AND CITE THE FOLLOWING REFERENCE ++++
S. Páll, M. J. Abraham, C. Kutzner, B. Hess, E. Lindahl
Tackling Exascale Software Challenges in Molecular Dynamics Simulations with
GROMACS
In S. Markidis & E. Laure (Eds.), Solving Software Challenges for Exascale 8759 (2015) pp. 3-27
-------- -------- --- Thank You --- -------- --------


++++ PLEASE READ AND CITE THE FOLLOWING REFERENCE ++++
S. Pronk, S. Páll, R. Schulz, P. Larsson, P. Bjelkmar, R. Apostolov, M. R.
Shirts, J. C. Smith, P. M. Kasson, D. van der Spoel, B. Hess, and E. Lindahl
GROMACS 4.5: a high-throughput and highly parallel open source molecular
simulation toolkit
Bioinformatics 29 (2013) pp. 845-54
-------- -------- --- Thank You --- -------- --------


++++ PLEASE READ AND CITE THE FOLLOWING REFERENCE ++++
B. Hess and C. Kutzner and D. van der Spoel and E. Lindahl
GROMACS 4: Algorithms for highly efficient, load-balanced, and scalable
molecular simulation
J. Chem. Theory Comput. 4 (2008) pp. 435-447
-------- -------- --- Thank You --- -------- --------


++++ PLEASE READ AND CITE THE FOLLOWING REFERENCE ++++
D. van der Spoel, E. Lindahl, B. Hess, G. Groenhof, A. E. Mark and H. J. C.
Berendsen
GROMACS: Fast, Flexible and Free
J. Comp. Chem. 26 (2005) pp. 1701-1719
-------- -------- --- Thank You --- -------- --------


++++ PLEASE READ AND CITE THE FOLLOWING REFERENCE ++++
E. Lindahl and B. Hess and D. van der Spoel
GROMACS 3.0: A package for molecular simulation and trajectory analysis
J. Mol. Mod. 7 (2001) pp. 306-317
-------- -------- --- Thank You --- -------- --------


++++ PLEASE READ AND CITE THE FOLLOWING REFERENCE ++++
H. J. C. Berendsen, D. van der Spoel and R. van Drunen
GROMACS: A message-passing parallel molecular dynamics implementation
Comp. Phys. Comm. 91 (1995) pp. 43-56
-------- -------- --- Thank You --- -------- --------

Input Parameters:
   integrator                     = md
   tinit                          = 0
   dt                             = 0.002
   nsteps                         = 500000
   init-step                      = 0
   simulation-part                = 1
   mts                            = false
   comm-mode                      = Linear
   nstcomm                        = 100
   bd-fric                        = 0
   ld-seed                        = -705406978
   emtol                          = 10
   emstep                         = 0.01
   niter                          = 20
   fcstep                         = 0
   nstcgsteep                     = 1000
   nbfgscorr                      = 10
   rtpi                           = 0.05
   nstxout                        = 0
   nstvout                        = 0
   nstfout                        = 0
   nstlog                         = 5000
   nstcalcenergy                  = 100
   nstenergy                      = 5000
   nstxout-compressed             = 5000
   compressed-x-precision         = 1000
   cutoff-scheme                  = Verlet
   nstlist                        = 20
   pbc                            = xyz
   periodic-molecules             = false
   verlet-buffer-tolerance        = 0.005
   rlist                          = 1.029
   coulombtype                    = PME
   coulomb-modifier               = Potential-shift
   rcoulomb-switch                = 0
   rcoulomb                       = 1
   epsilon-r                      = 1
   epsilon-rf                     = inf
   vdw-type                       = Cut-off
   vdw-modifier                   = Potential-shift
   rvdw-switch                    = 0.95
   rvdw                           = 1
   DispCorr                       = EnerPres
   table-extension                = 1
   fourierspacing                 = 0.16
   fourier-nx                     = 72
   fourier-ny                     = 72
   fourier-nz                     = 72
   pme-order                      = 4
   ewald-rtol                     = 1e-05
   ewald-rtol-lj                  = 0.001
   lj-pme-comb-rule               = Geometric
   ewald-geometry                 = 3d
   epsilon-surface                = 0
   ensemble-temperature-setting   = constant
   ensemble-temperature           = 300
   tcoupl                         = V-rescale
   nsttcouple                     = 10
   nh-chain-length                = 0
   print-nose-hoover-chain-variables = false
   pcoupl                         = Parrinello-Rahman
   pcoupltype                     = Isotropic
   nstpcouple                     = 50
   tau-p                          = 2
   compressibility (3x3):
      compressibility[    0]={ 4.50000e-05,  0.00000e+00,  0.00000e+00}
      compressibility[    1]={ 0.00000e+00,  4.50000e-05,  0.00000e+00}
      compressibility[    2]={ 0.00000e+00,  0.00000e+00,  4.50000e-05}
   ref-p (3x3):
      ref-p[    0]={ 1.00000e+00,  0.00000e+00,  0.00000e+00}
      ref-p[    1]={ 0.00000e+00,  1.00000e+00,  0.00000e+00}
      ref-p[    2]={ 0.00000e+00,  0.00000e+00,  1.00000e+00}
   refcoord-scaling               = No
   posres-com (3):
      posres-com[0]= 0.00000e+00
      posres-com[1]= 0.00000e+00
      posres-com[2]= 0.00000e+00
   posres-comB (3):
      posres-comB[0]= 0.00000e+00
      posres-comB[1]= 0.00000e+00
      posres-comB[2]= 0.00000e+00
   QMMM                           = false
qm-opts:
   ngQM                           = 0
   constraint-algorithm           = Lincs
   continuation                   = true
   Shake-SOR                      = false
   shake-tol                      = 0.0001
   lincs-order                    = 4
   lincs-iter                     = 1
   lincs-warnangle                = 30
   nwall                          = 0
   wall-type                      = 9-3
   wall-r-linpot                  = -1
   wall-atomtype[0]               = -1
   wall-atomtype[1]               = -1
   wall-density[0]                = 0
   wall-density[1]                = 0
   wall-ewald-zfac                = 3
   pull                           = false
   awh                            = false
   rotation                       = false
   interactiveMD                  = false
   disre                          = No
   disre-weighting                = Conservative
   disre-mixed                    = false
   dr-fc                          = 1000
   dr-tau                         = 0
   nstdisreout                    = 100
   orire-fc                       = 0
   orire-tau                      = 0
   nstorireout                    = 100
   free-energy                    = no
   cos-acceleration               = 0
   deform (3x3):
      deform[    0]={ 0.00000e+00,  0.00000e+00,  0.00000e+00}
      deform[    1]={ 0.00000e+00,  0.00000e+00,  0.00000e+00}
      deform[    2]={ 0.00000e+00,  0.00000e+00,  0.00000e+00}
   simulated-tempering            = false
   swapcoords                     = no
   userint1                       = 0
   userint2                       = 0
   userint3                       = 0
   userint4                       = 0
   userreal1                      = 0
   userreal2                      = 0
   userreal3                      = 0
   userreal4                      = 0
   applied-forces:
     electric-field:
       x:
         E0                       = 0
         omega                    = 0
         t0                       = 0
         sigma                    = 0
       y:
         E0                       = 0
         omega                    = 0
         t0                       = 0
         sigma                    = 0
       z:
         E0                       = 0
         omega                    = 0
         t0                       = 0
         sigma                    = 0
     density-guided-simulation:
       active                     = false
       group                      = protein
       similarity-measure         = inner-product
       atom-spreading-weight      = unity
       force-constant             = 1e+09
       gaussian-transform-spreading-width = 0.2
       gaussian-transform-spreading-range-in-multiples-of-width = 4
       reference-density-filename = reference.mrc
       nst                        = 1
       normalize-densities        = true
       adaptive-force-scaling     = false
       adaptive-force-scaling-time-constant = 4
       shift-vector               = 
       transformation-matrix      = 
     qmmm-cp2k:
       active                     = false
       qmgroup                    = System
       qmmethod                   = PBE
       qmfilenames                = 
       qmcharge                   = 0
       qmmultiplicity             = 1
grpopts:
   nrdf:     1551.98      241665
   ref-t:         300         300
   tau-t:         0.1         0.1
annealing:          No          No
annealing-npoints:           0           0
   acc:	           0           0           0
   nfreeze:           N           N           N
   energygrp-flags[  0]: 0

Changing nstlist from 20 to 50, rlist from 1.029 to 1.11


Initializing Domain Decomposition on 48 ranks
Dynamic load balancing: auto
Using update groups, nr 40593, average size 3.0 atoms, max. radius 0.104 nm
Minimum cell size due to atom displacement: 0.392 nm
Initial maximum distances in bonded interactions:
    two-body bonded interactions: 0.437 nm, LJ-14, atoms 515 522
  multi-body bonded interactions: 0.437 nm, Proper Dih., atoms 515 522
Minimum cell size due to bonded interactions: 0.481 nm
Scaling the initial minimum size with 1/0.8 (option -dds) = 1.25
Guess for relative PME load: 0.13
Will use 40 particle-particle and 8 PME only ranks
This is a guess, check the performance at the end of the log file
Using 8 separate PME ranks, as guessed by mdrun
Optimizing the DD grid for 40 cells with a minimum initial size of 0.601 nm
The maximum allowed number of cells is: X 17 Y 17 Z 17
Domain decomposition grid 8 x 5 x 1, separate PME ranks 8
PME domain decomposition: 8 x 1 x 1
Interleaving PP and PME ranks
This rank does only particle-particle work.
Domain decomposition rank 0, coordinates 0 0 0

The initial number of communication pulses is: X 1 Y 1
The initial domain decomposition cell size is: X 1.34 nm Y 2.15 nm

The maximum allowed distance for atom groups involved in interactions is:
                 non-bonded interactions           1.318 nm
(the following are initial values, they could change due to box deformation)
            two-body bonded interactions  (-rdd)   1.318 nm
          multi-body bonded interactions  (-rdd)   1.318 nm

When dynamic load balancing gets turned on, these settings will change to:
The maximum number of communication pulses is: X 2 Y 2
The minimum size for domain decomposition cells is 0.911 nm
The requested allowed shrink of DD cells (option -dds) is: 0.80
The allowed shrink of domain decomposition cells is: X 0.68 Y 0.42
The maximum allowed distance for atom groups involved in interactions is:
                 non-bonded interactions           1.318 nm
            two-body bonded interactions  (-rdd)   1.318 nm
          multi-body bonded interactions  (-rdd)   0.911 nm

Using 48 MPI threads
Using 1 OpenMP thread per tMPI thread

System total charge: 0.000
Will do PME sum in reciprocal space for electrostatic interactions.

++++ PLEASE READ AND CITE THE FOLLOWING REFERENCE ++++
U. Essmann, L. Perera, M. L. Berkowitz, T. Darden, H. Lee and L. G. Pedersen 
A smooth particle mesh Ewald method
J. Chem. Phys. 103 (1995) pp. 8577-8592
-------- -------- --- Thank You --- -------- --------

Using a Gaussian width (1/beta) of 0.320163 nm for Ewald
Potential shift: LJ r^-12: -1.000e+00 r^-6: -1.000e+00, Ewald -1.000e-05
Initialized non-bonded Coulomb Ewald tables, spacing: 9.33e-04 size: 1073

Generated table with 1055 data points for 1-4 COUL.
Tabscale = 500 points/nm
Generated table with 1055 data points for 1-4 LJ6.
Tabscale = 500 points/nm
Generated table with 1055 data points for 1-4 LJ12.
Tabscale = 500 points/nm
Long Range LJ corr.: <C6> 2.7890e-04


Using SIMD 4x4 nonbonded short-range kernels

Using a dual 4x4 pair-list setup updated with dynamic pruning:
  outer list: updated every 50 steps, buffer 0.110 nm, rlist 1.110 nm
  inner list: updated every 12 steps, buffer 0.003 nm, rlist 1.003 nm
At tolerance 0.005 kJ/mol/ps per atom, equivalent classical 1x1 list would be:
  outer list: updated every 50 steps, buffer 0.236 nm, rlist 1.236 nm
  inner list: updated every 12 steps, buffer 0.048 nm, rlist 1.048 nm

The non-bonded pair calculation algorithm tolerates a few missing pair interactions close to the cut-off. This can lead to a systematic overestimation of the pressure due to missing LJ interactions. The error in the average pressure due to missing LJ interactions is at most 0.27 bar.
The pressure error can be controlled by setting the environment variable GMX_VERLET_BUFFER_PRESSURE_TOLERANCE to the allowed error in units of bar.

Using Lorentz-Berthelot Lennard-Jones combination rule

Linking all bonded interactions to atoms


Pinning threads with an auto-selected logical cpu stride of 1

Initializing LINear Constraint Solver

++++ PLEASE READ AND CITE THE FOLLOWING REFERENCE ++++
B. Hess and H. Bekker and H. J. C. Berendsen and J. G. E. M. Fraaije
LINCS: A Linear Constraint Solver for molecular simulations
J. Comp. Chem. 18 (1997) pp. 1463-1472
-------- -------- --- Thank You --- -------- --------

The number of constraints is 305

++++ PLEASE READ AND CITE THE FOLLOWING REFERENCE ++++
S. Miyamoto and P. A. Kollman
SETTLE: An Analytical Version of the SHAKE and RATTLE Algorithms for Rigid
Water Models
J. Comp. Chem. 13 (1992) pp. 952-962
-------- -------- --- Thank You --- -------- --------

Intra-simulation communication will occur every 10 steps.

++++ PLEASE READ AND CITE THE FOLLOWING REFERENCE ++++
G. Bussi, D. Donadio and M. Parrinello
Canonical sampling through velocity rescaling
J. Chem. Phys. 126 (2007) pp. 014101
-------- -------- --- Thank You --- -------- --------

There are: 121452 Atoms
Atom distribution over 40 domains: av 3036 stddev 51 min 2955 max 3089
Center of mass motion removal mode is Linear
We have the following groups for center of mass motion removal:
  0:  rest

Started mdrun on rank 0 Mon Jul 28 05:37:20 2025

           Step           Time
              0        0.00000

   Energies (kJ/mol)
           Bond          Angle    Proper Dih. Per. Imp. Dih.          LJ-14
    9.60046e+02    1.75847e+03    1.66191e+03    1.04584e+02    4.90435e+02
     Coulomb-14        LJ (SR)  Disper. corr.   Coulomb (SR)   Coul. recip.
    1.02632e+04    2.53171e+05   -1.39226e+04   -1.87740e+06    1.04353e+04
      Potential    Kinetic En.   Total Energy  Conserved En.    Temperature
   -1.61247e+06    3.03869e+05   -1.30860e+06   -1.30853e+06    3.00530e+02
 Pres. DC (bar) Pressure (bar)   Constr. rmsd
   -1.87239e+02   -2.34494e+02    3.19574e-06


DD  step 49 load imb.: force 39.5%  pme mesh/force 0.349

step 150 Turning on dynamic load balancing, because the performance loss due to load imbalance is 26.5 %.

DD  step 4999  vol min/aver 0.520  load imb.: force 39.6%  pme mesh/force 0.748
           Step           Time
           5000       10.00000

   Energies (kJ/mol)
           Bond          Angle    Proper Dih. Per. Imp. Dih.          LJ-14
    4.72095e+02    1.37877e+03    1.63530e+03    8.89217e+01    5.30250e+02
     Coulomb-14        LJ (SR)  Disper. corr.   Coulomb (SR)   Coul. recip.
    1.07020e+04    2.54308e+05   -1.39769e+04   -1.88067e+06    1.01511e+04
      Potential    Kinetic En.   Total Energy  Conserved En.    Temperature
   -1.61539e+06    3.02624e+05   -1.31276e+06   -1.30929e+06    2.99298e+02
 Pres. DC (bar) Pressure (bar)   Constr. rmsd
   -1.88701e+02   -4.61126e+01    3.39916e-06


DD  load balancing is limited by minimum cell size in dimension Y
DD  step 9999  vol min/aver 0.576! load imb.: force 51.1%  pme mesh/force 0.821
           Step           Time
          10000       20.00000

   Energies (kJ/mol)
           Bond          Angle    Proper Dih. Per. Imp. Dih.          LJ-14
    4.34690e+02    1.47058e+03    1.61708e+03    9.80416e+01    5.31314e+02
     Coulomb-14        LJ (SR)  Disper. corr.   Coulomb (SR)   Coul. recip.
    1.06415e+04    2.53401e+05   -1.40215e+04   -1.87996e+06    1.01463e+04
      Potential    Kinetic En.   Total Energy  Conserved En.    Temperature
   -1.61564e+06    3.05081e+05   -1.31056e+06   -1.30902e+06    3.01729e+02
 Pres. DC (bar) Pressure (bar)   Constr. rmsd
   -1.89904e+02   -2.04975e+01    2.63011e-06


DD  step 14999  vol min/aver 0.470  load imb.: force 31.9%  pme mesh/force 0.612
           Step           Time
          15000       30.00000

   Energies (kJ/mol)
           Bond          Angle    Proper Dih. Per. Imp. Dih.          LJ-14
    4.95537e+02    1.31653e+03    1.64223e+03    7.57056e+01    5.61600e+02
     Coulomb-14        LJ (SR)  Disper. corr.   Coulomb (SR)   Coul. recip.
    1.07341e+04    2.53526e+05   -1.39876e+04   -1.87792e+06    1.03599e+04
      Potential    Kinetic En.   Total Energy  Conserved En.    Temperature
   -1.61319e+06    3.02696e+05   -1.31050e+06   -1.30873e+06    2.99370e+02
 Pres. DC (bar) Pressure (bar)   Constr. rmsd
   -1.88989e+02   -8.02365e+00    3.25808e-06


DD  step 19999  vol min/aver 0.568  load imb.: force 42.8%  pme mesh/force 0.562
           Step           Time
          20000       40.00000

   Energies (kJ/mol)
           Bond          Angle    Proper Dih. Per. Imp. Dih.          LJ-14
    4.91694e+02    1.38238e+03    1.64011e+03    6.80397e+01    6.02168e+02
     Coulomb-14        LJ (SR)  Disper. corr.   Coulomb (SR)   Coul. recip.
    1.07291e+04    2.56692e+05   -1.40900e+04   -1.88385e+06    1.00633e+04
      Potential    Kinetic En.   Total Energy  Conserved En.    Temperature
   -1.61627e+06    3.03628e+05   -1.31264e+06   -1.30831e+06    3.00292e+02
 Pres. DC (bar) Pressure (bar)   Constr. rmsd
   -1.91761e+02    1.93675e+02    3.63904e-06


DD  step 24999  vol min/aver 0.720  load imb.: force 31.3%  pme mesh/force 0.718
           Step           Time
          25000       50.00000

   Energies (kJ/mol)
           Bond          Angle    Proper Dih. Per. Imp. Dih.          LJ-14
    4.77115e+02    1.37835e+03    1.59089e+03    7.30352e+01    5.48864e+02
     Coulomb-14        LJ (SR)  Disper. corr.   Coulomb (SR)   Coul. recip.
    1.06863e+04    2.53292e+05   -1.39563e+04   -1.87803e+06    1.03303e+04
      Potential    Kinetic En.   Total Energy  Conserved En.    Temperature
   -1.61361e+06    3.02554e+05   -1.31105e+06   -1.30801e+06    2.99229e+02
 Pres. DC (bar) Pressure (bar)   Constr. rmsd
   -1.88145e+02   -8.89191e+01    2.77649e-06


DD  step 29999  vol min/aver 0.551  load imb.: force 46.9%  pme mesh/force 0.362
           Step           Time
          30000       60.00000

   Energies (kJ/mol)
           Bond          Angle    Proper Dih. Per. Imp. Dih.          LJ-14
    5.20629e+02    1.33765e+03    1.59309e+03    8.20146e+01    5.22591e+02
     Coulomb-14        LJ (SR)  Disper. corr.   Coulomb (SR)   Coul. recip.
    1.06440e+04    2.54311e+05   -1.39656e+04   -1.88011e+06    1.03203e+04
      Potential    Kinetic En.   Total Energy  Conserved En.    Temperature
   -1.61475e+06    3.04169e+05   -1.31058e+06   -1.30772e+06    3.00827e+02
 Pres. DC (bar) Pressure (bar)   Constr. rmsd
   -1.88393e+02   -4.89664e+01    3.36629e-06


DD  step 34999  vol min/aver 0.637  load imb.: force 40.1%  pme mesh/force 0.668
           Step           Time
          35000       70.00000

   Energies (kJ/mol)
           Bond          Angle    Proper Dih. Per. Imp. Dih.          LJ-14
    4.63714e+02    1.33521e+03    1.65491e+03    8.85302e+01    5.63645e+02
     Coulomb-14        LJ (SR)  Disper. corr.   Coulomb (SR)   Coul. recip.
    1.07590e+04    2.56555e+05   -1.39935e+04   -1.88150e+06    1.03496e+04
      Potential    Kinetic En.   Total Energy  Conserved En.    Temperature
   -1.61372e+06    3.03162e+05   -1.31056e+06   -1.30740e+06    2.99831e+02
 Pres. DC (bar) Pressure (bar)   Constr. rmsd
   -1.89148e+02    1.01794e+02    3.11219e-06


DD  step 39999  vol min/aver 0.597  load imb.: force 28.2%  pme mesh/force 0.654
           Step           Time
          40000       80.00000

   Energies (kJ/mol)
           Bond          Angle    Proper Dih. Per. Imp. Dih.          LJ-14
    4.59616e+02    1.41225e+03    1.59662e+03    6.73460e+01    5.29259e+02
     Coulomb-14        LJ (SR)  Disper. corr.   Coulomb (SR)   Coul. recip.
    1.07549e+04    2.55159e+05   -1.40744e+04   -1.88289e+06    1.02043e+04
      Potential    Kinetic En.   Total Energy  Conserved En.    Temperature
   -1.61678e+06    3.05115e+05   -1.31167e+06   -1.30708e+06    3.01762e+02
 Pres. DC (bar) Pressure (bar)   Constr. rmsd
   -1.91339e+02    7.81272e+01    2.67736e-06


DD  step 44999  vol min/aver 0.713  load imb.: force 40.8%  pme mesh/force 0.743
           Step           Time
          45000       90.00000

Writing checkpoint, step 45000 at Mon Jul 28 05:52:21 2025


   Energies (kJ/mol)
           Bond          Angle    Proper Dih. Per. Imp. Dih.          LJ-14
    5.04170e+02    1.51343e+03    1.56531e+03    8.78113e+01    5.39648e+02
     Coulomb-14        LJ (SR)  Disper. corr.   Coulomb (SR)   Coul. recip.
    1.06908e+04    2.53817e+05   -1.40145e+04   -1.87999e+06    1.02695e+04
      Potential    Kinetic En.   Total Energy  Conserved En.    Temperature
   -1.61502e+06    3.05101e+05   -1.30992e+06   -1.30679e+06    3.01749e+02
 Pres. DC (bar) Pressure (bar)   Constr. rmsd
   -1.89714e+02    1.77085e+00    3.00148e-06


DD  load balancing is limited by minimum cell size in dimension Y
DD  step 49999  vol min/aver 0.496! load imb.: force 40.8%  pme mesh/force 0.599
           Step           Time
          50000      100.00000

   Energies (kJ/mol)
           Bond          Angle    Proper Dih. Per. Imp. Dih.          LJ-14
    5.47048e+02    1.39806e+03    1.60226e+03    5.91454e+01    5.65593e+02
     Coulomb-14        LJ (SR)  Disper. corr.   Coulomb (SR)   Coul. recip.
    1.07051e+04    2.53781e+05   -1.40194e+04   -1.87921e+06    1.02671e+04
      Potential    Kinetic En.   Total Energy  Conserved En.    Temperature
   -1.61431e+06    3.02690e+05   -1.31162e+06   -1.30643e+06    2.99365e+02
 Pres. DC (bar) Pressure (bar)   Constr. rmsd
   -1.89847e+02   -7.25717e+00    4.01889e-06


DD  step 54999  vol min/aver 0.562  load imb.: force 29.1%  pme mesh/force 0.565
           Step           Time
          55000      110.00000

   Energies (kJ/mol)
           Bond          Angle    Proper Dih. Per. Imp. Dih.          LJ-14
    5.06224e+02    1.45514e+03    1.61988e+03    7.18136e+01    5.54293e+02
     Coulomb-14        LJ (SR)  Disper. corr.   Coulomb (SR)   Coul. recip.
    1.07903e+04    2.53123e+05   -1.40450e+04   -1.87955e+06    1.01918e+04
      Potential    Kinetic En.   Total Energy  Conserved En.    Temperature
   -1.61529e+06    3.03920e+05   -1.31137e+06   -1.30624e+06    3.00581e+02
 Pres. DC (bar) Pressure (bar)   Constr. rmsd
   -1.90541e+02   -2.57196e+01    3.34140e-06


DD  step 59999  vol min/aver 0.610  load imb.: force 46.5%  pme mesh/force 0.420
           Step           Time
          60000      120.00000

   Energies (kJ/mol)
           Bond          Angle    Proper Dih. Per. Imp. Dih.          LJ-14
    4.60306e+02    1.36571e+03    1.57820e+03    6.19148e+01    5.47600e+02
     Coulomb-14        LJ (SR)  Disper. corr.   Coulomb (SR)   Coul. recip.
    1.07842e+04    2.52685e+05   -1.40166e+04   -1.87858e+06    1.03928e+04
      Potential    Kinetic En.   Total Energy  Conserved En.    Temperature
   -1.61472e+06    3.02474e+05   -1.31225e+06   -1.30599e+06    2.99151e+02
 Pres. DC (bar) Pressure (bar)   Constr. rmsd
   -1.89771e+02   -3.13770e+01    3.45796e-06


DD  step 64999  vol min/aver 0.459  load imb.: force 54.7%  pme mesh/force 0.666
           Step           Time
          65000      130.00000

   Energies (kJ/mol)
           Bond          Angle    Proper Dih. Per. Imp. Dih.          LJ-14
    4.84111e+02    1.32217e+03    1.63489e+03    9.16025e+01    5.72094e+02
     Coulomb-14        LJ (SR)  Disper. corr.   Coulomb (SR)   Coul. recip.
    1.08364e+04    2.54827e+05   -1.40541e+04   -1.88113e+06    1.01297e+04
      Potential    Kinetic En.   Total Energy  Conserved En.    Temperature
   -1.61528e+06    3.03860e+05   -1.31142e+06   -1.30576e+06    3.00522e+02
 Pres. DC (bar) Pressure (bar)   Constr. rmsd
   -1.90788e+02    9.11935e+01    3.16147e-06


DD  step 69999  vol min/aver 0.472  load imb.: force 32.0%  pme mesh/force 0.643
           Step           Time
          70000      140.00000

   Energies (kJ/mol)
           Bond          Angle    Proper Dih. Per. Imp. Dih.          LJ-14
    4.82380e+02    1.45555e+03    1.61087e+03    5.74174e+01    5.39484e+02
     Coulomb-14        LJ (SR)  Disper. corr.   Coulomb (SR)   Coul. recip.
    1.06565e+04    2.52358e+05   -1.39910e+04   -1.87628e+06    1.01349e+04
      Potential    Kinetic En.   Total Energy  Conserved En.    Temperature
   -1.61298e+06    3.04710e+05   -1.30827e+06   -1.30555e+06    3.01362e+02
 Pres. DC (bar) Pressure (bar)   Constr. rmsd
   -1.89080e+02   -3.69318e+01    3.13565e-06


DD  load balancing is limited by minimum cell size in dimension Y
DD  step 74999  vol min/aver 0.526! load imb.: force 47.1%  pme mesh/force 0.609
           Step           Time
          75000      150.00000

   Energies (kJ/mol)
           Bond          Angle    Proper Dih. Per. Imp. Dih.          LJ-14
    5.10142e+02    1.40472e+03    1.62692e+03    8.47396e+01    5.31701e+02
     Coulomb-14        LJ (SR)  Disper. corr.   Coulomb (SR)   Coul. recip.
    1.07617e+04    2.54955e+05   -1.40176e+04   -1.87876e+06    1.01487e+04
      Potential    Kinetic En.   Total Energy  Conserved En.    Temperature
   -1.61275e+06    3.01908e+05   -1.31084e+06   -1.30521e+06    2.98591e+02
 Pres. DC (bar) Pressure (bar)   Constr. rmsd
   -1.89798e+02    7.39501e+01    3.28250e-06


DD  step 79999  vol min/aver 0.668  load imb.: force 43.7%  pme mesh/force 0.498
           Step           Time
          80000      160.00000

   Energies (kJ/mol)
           Bond          Angle    Proper Dih. Per. Imp. Dih.          LJ-14
    4.99273e+02    1.34670e+03    1.59288e+03    6.74219e+01    5.76641e+02
     Coulomb-14        LJ (SR)  Disper. corr.   Coulomb (SR)   Coul. recip.
    1.07662e+04    2.53702e+05   -1.39690e+04   -1.87841e+06    1.03769e+04
      Potential    Kinetic En.   Total Energy  Conserved En.    Temperature
   -1.61345e+06    3.02752e+05   -1.31070e+06   -1.30492e+06    2.99426e+02
 Pres. DC (bar) Pressure (bar)   Constr. rmsd
   -1.88485e+02   -1.25518e+01    3.07159e-06


DD  step 84999  vol min/aver 0.485  load imb.: force 38.5%  pme mesh/force 0.610
           Step           Time
          85000      170.00000

   Energies (kJ/mol)
           Bond          Angle    Proper Dih. Per. Imp. Dih.          LJ-14
    5.13112e+02    1.30587e+03    1.65542e+03    1.11837e+02    5.62624e+02
     Coulomb-14        LJ (SR)  Disper. corr.   Coulomb (SR)   Coul. recip.
    1.07272e+04    2.51928e+05   -1.39511e+04   -1.87588e+06    1.03567e+04
      Potential    Kinetic En.   Total Energy  Conserved En.    Temperature
   -1.61267e+06    3.03242e+05   -1.30943e+06   -1.30472e+06    2.99910e+02
 Pres. DC (bar) Pressure (bar)   Constr. rmsd
   -1.88005e+02   -1.06814e+02    3.22261e-06

Writing checkpoint, step 89450 at Mon Jul 28 06:07:20 2025



DD  step 89999  vol min/aver 0.524  load imb.: force 40.0%  pme mesh/force 0.682
           Step           Time
          90000      180.00000

   Energies (kJ/mol)
           Bond          Angle    Proper Dih. Per. Imp. Dih.          LJ-14
    4.53927e+02    1.49464e+03    1.62363e+03    6.63211e+01    5.62104e+02
     Coulomb-14        LJ (SR)  Disper. corr.   Coulomb (SR)   Coul. recip.
    1.08339e+04    2.52283e+05   -1.40004e+04   -1.87625e+06    1.02154e+04
      Potential    Kinetic En.   Total Energy  Conserved En.    Temperature
   -1.61272e+06    3.04179e+05   -1.30854e+06   -1.30443e+06    3.00837e+02
 Pres. DC (bar) Pressure (bar)   Constr. rmsd
   -1.89333e+02   -3.19688e+01    3.39933e-06


DD  step 94999  vol min/aver 0.687  load imb.: force 40.4%  pme mesh/force 0.603
           Step           Time
          95000      190.00000

   Energies (kJ/mol)
           Bond          Angle    Proper Dih. Per. Imp. Dih.          LJ-14
    4.50164e+02    1.32809e+03    1.57557e+03    8.30788e+01    5.26435e+02
     Coulomb-14        LJ (SR)  Disper. corr.   Coulomb (SR)   Coul. recip.
    1.07489e+04    2.53232e+05   -1.39696e+04   -1.87734e+06    1.03129e+04
      Potential    Kinetic En.   Total Energy  Conserved En.    Temperature
   -1.61305e+06    3.02406e+05   -1.31064e+06   -1.30415e+06    2.99084e+02
 Pres. DC (bar) Pressure (bar)   Constr. rmsd
   -1.88503e+02   -7.07282e+01    3.13750e-06


DD  step 99999  vol min/aver 0.448  load imb.: force 45.8%  pme mesh/force 0.674
           Step           Time
         100000      200.00000

   Energies (kJ/mol)
           Bond          Angle    Proper Dih. Per. Imp. Dih.          LJ-14
    4.53685e+02    1.37149e+03    1.67251e+03    8.58549e+01    5.36936e+02
     Coulomb-14        LJ (SR)  Disper. corr.   Coulomb (SR)   Coul. recip.
    1.06375e+04    2.53427e+05   -1.39761e+04   -1.87962e+06    1.05634e+04
      Potential    Kinetic En.   Total Energy  Conserved En.    Temperature
   -1.61484e+06    3.01883e+05   -1.31296e+06   -1.30389e+06    2.98567e+02
 Pres. DC (bar) Pressure (bar)   Constr. rmsd
   -1.88678e+02   -5.36770e+01    3.28533e-06


DD  step 104999  vol min/aver 0.591  load imb.: force 40.3%  pme mesh/force 0.598
           Step           Time
         105000      210.00000

   Energies (kJ/mol)
           Bond          Angle    Proper Dih. Per. Imp. Dih.          LJ-14
    5.06983e+02    1.31259e+03    1.61207e+03    6.07846e+01    5.87307e+02
     Coulomb-14        LJ (SR)  Disper. corr.   Coulomb (SR)   Coul. recip.
    1.07748e+04    2.54764e+05   -1.39829e+04   -1.87923e+06    1.04543e+04
      Potential    Kinetic En.   Total Energy  Conserved En.    Temperature
   -1.61314e+06    3.01772e+05   -1.31136e+06   -1.30362e+06    2.98457e+02
 Pres. DC (bar) Pressure (bar)   Constr. rmsd
   -1.88862e+02    3.99029e+01    3.25730e-06


DD  step 109999  vol min/aver 0.496  load imb.: force 34.2%  pme mesh/force 0.619
           Step           Time
         110000      220.00000

   Energies (kJ/mol)
           Bond          Angle    Proper Dih. Per. Imp. Dih.          LJ-14
    4.86521e+02    1.34539e+03    1.59080e+03    7.28438e+01    5.34020e+02
     Coulomb-14        LJ (SR)  Disper. corr.   Coulomb (SR)   Coul. recip.
    1.07984e+04    2.54799e+05   -1.40601e+04   -1.88199e+06    1.01239e+04
      Potential    Kinetic En.   Total Energy  Conserved En.    Temperature
   -1.61630e+06    3.02750e+05   -1.31355e+06   -1.30332e+06    2.99423e+02
 Pres. DC (bar) Pressure (bar)   Constr. rmsd
   -1.90949e+02    6.27016e+01    3.13449e-06


DD  load balancing is limited by minimum cell size in dimension X
DD  step 114999  vol min/aver 0.489! load imb.: force 33.1%  pme mesh/force 0.697
           Step           Time
         115000      230.00000

   Energies (kJ/mol)
           Bond          Angle    Proper Dih. Per. Imp. Dih.          LJ-14
    4.67712e+02    1.37296e+03    1.57829e+03    6.53255e+01    5.26702e+02
     Coulomb-14        LJ (SR)  Disper. corr.   Coulomb (SR)   Coul. recip.
    1.07534e+04    2.54361e+05   -1.40161e+04   -1.88110e+06    1.01358e+04
      Potential    Kinetic En.   Total Energy  Conserved En.    Temperature
   -1.61586e+06    3.03504e+05   -1.31235e+06   -1.30306e+06    3.00170e+02
 Pres. DC (bar) Pressure (bar)   Constr. rmsd
   -1.89759e+02    1.63805e+01    2.95921e-06


DD  load balancing is limited by minimum cell size in dimension Y
DD  step 119999  vol min/aver 0.512! load imb.: force 51.6%  pme mesh/force 0.690
           Step           Time
         120000      240.00000

   Energies (kJ/mol)
           Bond          Angle    Proper Dih. Per. Imp. Dih.          LJ-14
    4.58618e+02    1.36550e+03    1.62376e+03    8.80422e+01    5.91701e+02
     Coulomb-14        LJ (SR)  Disper. corr.   Coulomb (SR)   Coul. recip.
    1.08093e+04    2.54270e+05   -1.39721e+04   -1.88031e+06    1.04189e+04
      Potential    Kinetic En.   Total Energy  Conserved En.    Temperature
   -1.61465e+06    3.02770e+05   -1.31188e+06   -1.30279e+06    2.99443e+02
 Pres. DC (bar) Pressure (bar)   Constr. rmsd
   -1.88570e+02   -2.24116e+00    2.96111e-06


DD  step 124999  vol min/aver 0.501  load imb.: force 47.3%  pme mesh/force 0.585
           Step           Time
         125000      250.00000

   Energies (kJ/mol)
           Bond          Angle    Proper Dih. Per. Imp. Dih.          LJ-14
    4.37229e+02    1.30560e+03    1.63302e+03    6.41098e+01    5.60628e+02
     Coulomb-14        LJ (SR)  Disper. corr.   Coulomb (SR)   Coul. recip.
    1.08533e+04    2.51076e+05   -1.39951e+04   -1.87626e+06    1.03626e+04
      Potential    Kinetic En.   Total Energy  Conserved En.    Temperature
   -1.61396e+06    3.03035e+05   -1.31093e+06   -1.30260e+06    2.99706e+02
 Pres. DC (bar) Pressure (bar)   Constr. rmsd
   -1.89190e+02   -1.04672e+02    2.95274e-06


DD  step 129999  vol min/aver 0.539  load imb.: force 47.8%  pme mesh/force 0.595
           Step           Time
         130000      260.00000

   Energies (kJ/mol)
           Bond          Angle    Proper Dih. Per. Imp. Dih.          LJ-14
    4.11168e+02    1.37438e+03    1.58643e+03    7.65538e+01    5.92098e+02
     Coulomb-14        LJ (SR)  Disper. corr.   Coulomb (SR)   Coul. recip.
    1.08101e+04    2.53733e+05   -1.39825e+04   -1.88101e+06    1.02190e+04
      Potential    Kinetic En.   Total Energy  Conserved En.    Temperature
   -1.61619e+06    3.02688e+05   -1.31350e+06   -1.30233e+06    2.99362e+02
 Pres. DC (bar) Pressure (bar)   Constr. rmsd
   -1.88850e+02   -4.05650e+01    3.58397e-06

Writing checkpoint, step 134300 at Mon Jul 28 06:22:21 2025



DD  step 134999  vol min/aver 0.673  load imb.: force 33.8%  pme mesh/force 0.550
           Step           Time
         135000      270.00000

   Energies (kJ/mol)
           Bond          Angle    Proper Dih. Per. Imp. Dih.          LJ-14
    4.11935e+02    1.32952e+03    1.57836e+03    7.39599e+01    5.51346e+02
     Coulomb-14        LJ (SR)  Disper. corr.   Coulomb (SR)   Coul. recip.
    1.08508e+04    2.53788e+05   -1.39615e+04   -1.88000e+06    1.03579e+04
      Potential    Kinetic En.   Total Energy  Conserved En.    Temperature
   -1.61502e+06    3.01928e+05   -1.31309e+06   -1.30204e+06    2.98611e+02
 Pres. DC (bar) Pressure (bar)   Constr. rmsd
   -1.88285e+02   -6.06546e+01    3.27439e-06


DD  step 139999  vol min/aver 0.460  load imb.: force 56.5%  pme mesh/force 0.633
           Step           Time
         140000      280.00000

   Energies (kJ/mol)
           Bond          Angle    Proper Dih. Per. Imp. Dih.          LJ-14
    4.95456e+02    1.39738e+03    1.60992e+03    6.40108e+01    5.51423e+02
     Coulomb-14        LJ (SR)  Disper. corr.   Coulomb (SR)   Coul. recip.
    1.08605e+04    2.54998e+05   -1.39641e+04   -1.88003e+06    1.04536e+04
      Potential    Kinetic En.   Total Energy  Conserved En.    Temperature
   -1.61357e+06    3.02730e+05   -1.31084e+06   -1.30179e+06    2.99403e+02
 Pres. DC (bar) Pressure (bar)   Constr. rmsd
   -1.88353e+02    3.01679e+01    3.58945e-06


DD  step 144999  vol min/aver 0.607  load imb.: force 38.3%  pme mesh/force 0.682
           Step           Time
         145000      290.00000

   Energies (kJ/mol)
           Bond          Angle    Proper Dih. Per. Imp. Dih.          LJ-14
    4.47093e+02    1.39908e+03    1.65415e+03    6.56521e+01    5.52637e+02
     Coulomb-14        LJ (SR)  Disper. corr.   Coulomb (SR)   Coul. recip.
    1.08025e+04    2.54731e+05   -1.40000e+04   -1.88243e+06    1.03716e+04
      Potential    Kinetic En.   Total Energy  Conserved En.    Temperature
   -1.61641e+06    3.03157e+05   -1.31325e+06   -1.30161e+06    2.99826e+02
 Pres. DC (bar) Pressure (bar)   Constr. rmsd
   -1.89323e+02    1.69742e+01    3.19733e-06


DD  step 149999  vol min/aver 0.598  load imb.: force 32.3%  pme mesh/force 0.606
           Step           Time
         150000      300.00000

   Energies (kJ/mol)
           Bond          Angle    Proper Dih. Per. Imp. Dih.          LJ-14
    5.60147e+02    1.32669e+03    1.60215e+03    7.64409e+01    5.84121e+02
     Coulomb-14        LJ (SR)  Disper. corr.   Coulomb (SR)   Coul. recip.
    1.07557e+04    2.53702e+05   -1.40499e+04   -1.87663e+06    1.02730e+04
      Potential    Kinetic En.   Total Energy  Conserved En.    Temperature
   -1.61180e+06    3.03480e+05   -1.30832e+06   -1.30123e+06    3.00145e+02
 Pres. DC (bar) Pressure (bar)   Constr. rmsd
   -1.90674e+02    9.60936e+01    3.70165e-06


DD  step 154999  vol min/aver 0.627  load imb.: force 40.9%  pme mesh/force 0.580
           Step           Time
         155000      310.00000

   Energies (kJ/mol)
           Bond          Angle    Proper Dih. Per. Imp. Dih.          LJ-14
    4.75233e+02    1.35985e+03    1.61023e+03    8.28729e+01    5.76347e+02
     Coulomb-14        LJ (SR)  Disper. corr.   Coulomb (SR)   Coul. recip.
    1.08025e+04    2.56221e+05   -1.40682e+04   -1.88371e+06    1.03078e+04
      Potential    Kinetic En.   Total Energy  Conserved En.    Temperature
   -1.61634e+06    3.02978e+05   -1.31336e+06   -1.30094e+06    2.99649e+02
 Pres. DC (bar) Pressure (bar)   Constr. rmsd
   -1.91169e+02    1.27274e+02    4.20422e-06


DD  step 159999  vol min/aver 0.529  load imb.: force 43.7%  pme mesh/force 0.661
           Step           Time
         160000      320.00000

   Energies (kJ/mol)
           Bond          Angle    Proper Dih. Per. Imp. Dih.          LJ-14
    4.75030e+02    1.42166e+03    1.58706e+03    8.35193e+01    5.24095e+02
     Coulomb-14        LJ (SR)  Disper. corr.   Coulomb (SR)   Coul. recip.
    1.07378e+04    2.54080e+05   -1.39754e+04   -1.87846e+06    1.02671e+04
      Potential    Kinetic En.   Total Energy  Conserved En.    Temperature
   -1.61326e+06    3.02992e+05   -1.31027e+06   -1.30062e+06    2.99663e+02
 Pres. DC (bar) Pressure (bar)   Constr. rmsd
   -1.88658e+02   -1.03851e+01    3.22260e-06


DD  step 164999  vol min/aver 0.514  load imb.: force 32.4%  pme mesh/force 0.635
           Step           Time
         165000      330.00000

   Energies (kJ/mol)
           Bond          Angle    Proper Dih. Per. Imp. Dih.          LJ-14
    4.95921e+02    1.41626e+03    1.60789e+03    6.31510e+01    5.41709e+02
     Coulomb-14        LJ (SR)  Disper. corr.   Coulomb (SR)   Coul. recip.
    1.07042e+04    2.52381e+05   -1.39996e+04   -1.87696e+06    1.01803e+04
      Potential    Kinetic En.   Total Energy  Conserved En.    Temperature
   -1.61357e+06    3.03630e+05   -1.30994e+06   -1.30041e+06    3.00294e+02
 Pres. DC (bar) Pressure (bar)   Constr. rmsd
   -1.89313e+02   -5.27902e+01    3.74375e-06


DD  step 169999  vol min/aver 0.487  load imb.: force 37.3%  pme mesh/force 0.696
           Step           Time
         170000      340.00000

   Energies (kJ/mol)
           Bond          Angle    Proper Dih. Per. Imp. Dih.          LJ-14
    5.06532e+02    1.23646e+03    1.62639e+03    6.63282e+01    5.61317e+02
     Coulomb-14        LJ (SR)  Disper. corr.   Coulomb (SR)   Coul. recip.
    1.07513e+04    2.54328e+05   -1.40223e+04   -1.88013e+06    1.01936e+04
      Potential    Kinetic En.   Total Energy  Conserved En.    Temperature
   -1.61489e+06    3.02693e+05   -1.31219e+06   -1.30000e+06    2.99367e+02
 Pres. DC (bar) Pressure (bar)   Constr. rmsd
   -1.89925e+02    4.51856e+01    3.10907e-06


DD  step 174999  vol min/aver 0.469  load imb.: force 40.9%  pme mesh/force 0.640
           Step           Time
         175000      350.00000

   Energies (kJ/mol)
           Bond          Angle    Proper Dih. Per. Imp. Dih.          LJ-14
    4.31534e+02    1.40649e+03    1.62047e+03    9.18588e+01    5.41281e+02
     Coulomb-14        LJ (SR)  Disper. corr.   Coulomb (SR)   Coul. recip.
    1.08170e+04    2.54262e+05   -1.39876e+04   -1.87969e+06    9.99143e+03
      Potential    Kinetic En.   Total Energy  Conserved En.    Temperature
   -1.61451e+06    3.03551e+05   -1.31096e+06   -1.29977e+06    3.00216e+02
 Pres. DC (bar) Pressure (bar)   Constr. rmsd
   -1.88987e+02    1.91417e+01    2.92516e-06

Writing checkpoint, step 178750 at Mon Jul 28 06:37:21 2025



DD  step 179999  vol min/aver 0.529  load imb.: force 41.5%  pme mesh/force 0.626
           Step           Time
         180000      360.00000

   Energies (kJ/mol)
           Bond          Angle    Proper Dih. Per. Imp. Dih.          LJ-14
    4.61515e+02    1.36479e+03    1.62770e+03    9.34480e+01    5.55528e+02
     Coulomb-14        LJ (SR)  Disper. corr.   Coulomb (SR)   Coul. recip.
    1.07903e+04    2.53952e+05   -1.40067e+04   -1.88036e+06    1.02129e+04
      Potential    Kinetic En.   Total Energy  Conserved En.    Temperature
   -1.61530e+06    3.02776e+05   -1.31253e+06   -1.29950e+06    2.99450e+02
 Pres. DC (bar) Pressure (bar)   Constr. rmsd
   -1.89504e+02   -1.04147e+01    3.08139e-06


DD  load balancing is limited by minimum cell size in dimension X
DD  step 184999  vol min/aver 0.467! load imb.: force 58.2%  pme mesh/force 0.439
           Step           Time
         185000      370.00000

   Energies (kJ/mol)
           Bond          Angle    Proper Dih. Per. Imp. Dih.          LJ-14
    4.93286e+02    1.40645e+03    1.59539e+03    6.35648e+01    5.42306e+02
     Coulomb-14        LJ (SR)  Disper. corr.   Coulomb (SR)   Coul. recip.
    1.07483e+04    2.55362e+05   -1.39863e+04   -1.88052e+06    1.01870e+04
      Potential    Kinetic En.   Total Energy  Conserved En.    Temperature
   -1.61411e+06    3.03086e+05   -1.31102e+06   -1.29922e+06    2.99756e+02
 Pres. DC (bar) Pressure (bar)   Constr. rmsd
   -1.88953e+02    4.80995e+01    3.13396e-06


DD  step 189999  vol min/aver 0.634  load imb.: force 41.5%  pme mesh/force 0.678
           Step           Time
         190000      380.00000

   Energies (kJ/mol)
           Bond          Angle    Proper Dih. Per. Imp. Dih.          LJ-14
    5.36677e+02    1.38317e+03    1.66686e+03    7.13860e+01    5.39077e+02
     Coulomb-14        LJ (SR)  Disper. corr.   Coulomb (SR)   Coul. recip.
    1.08044e+04    2.56683e+05   -1.40096e+04   -1.88369e+06    1.02272e+04
      Potential    Kinetic En.   Total Energy  Conserved En.    Temperature
   -1.61579e+06    3.03348e+05   -1.31244e+06   -1.29897e+06    3.00015e+02
 Pres. DC (bar) Pressure (bar)   Constr. rmsd
   -1.89581e+02    5.88362e+01    3.31046e-06


DD  step 194999  vol min/aver 0.623  load imb.: force 40.9%  pme mesh/force 0.508
           Step           Time
         195000      390.00000

   Energies (kJ/mol)
           Bond          Angle    Proper Dih. Per. Imp. Dih.          LJ-14
    4.64413e+02    1.36397e+03    1.61577e+03    7.34360e+01    5.82398e+02
     Coulomb-14        LJ (SR)  Disper. corr.   Coulomb (SR)   Coul. recip.
    1.09259e+04    2.55651e+05   -1.40222e+04   -1.88286e+06    1.00815e+04
      Potential    Kinetic En.   Total Energy  Conserved En.    Temperature
   -1.61612e+06    3.04881e+05   -1.31124e+06   -1.29876e+06    3.01531e+02
 Pres. DC (bar) Pressure (bar)   Constr. rmsd
   -1.89923e+02    1.01679e+02    3.81523e-06


DD  step 199999  vol min/aver 0.614  load imb.: force 42.0%  pme mesh/force 0.646
           Step           Time
         200000      400.00000

   Energies (kJ/mol)
           Bond          Angle    Proper Dih. Per. Imp. Dih.          LJ-14
    4.58101e+02    1.36010e+03    1.62767e+03    6.70650e+01    5.74114e+02
     Coulomb-14        LJ (SR)  Disper. corr.   Coulomb (SR)   Coul. recip.
    1.08209e+04    2.52595e+05   -1.39721e+04   -1.87892e+06    1.02465e+04
      Potential    Kinetic En.   Total Energy  Conserved En.    Temperature
   -1.61514e+06    3.03841e+05   -1.31130e+06   -1.29848e+06    3.00503e+02
 Pres. DC (bar) Pressure (bar)   Constr. rmsd
   -1.88570e+02   -7.74303e+01    3.64790e-06


DD  step 204999  vol min/aver 0.534  load imb.: force 37.3%  pme mesh/force 0.614
           Step           Time
         205000      410.00000

   Energies (kJ/mol)
           Bond          Angle    Proper Dih. Per. Imp. Dih.          LJ-14
    4.72603e+02    1.37366e+03    1.60404e+03    7.33792e+01    5.39630e+02
     Coulomb-14        LJ (SR)  Disper. corr.   Coulomb (SR)   Coul. recip.
    1.08622e+04    2.56209e+05   -1.40396e+04   -1.88400e+06    1.01592e+04
      Potential    Kinetic En.   Total Energy  Conserved En.    Temperature
   -1.61675e+06    3.01324e+05   -1.31543e+06   -1.29819e+06    2.98014e+02
 Pres. DC (bar) Pressure (bar)   Constr. rmsd
   -1.90393e+02    8.14681e+01    3.24360e-06


DD  load balancing is limited by minimum cell size in dimension Y
DD  step 209999  vol min/aver 0.469! load imb.: force 37.0%  pme mesh/force 0.570
           Step           Time
         210000      420.00000

   Energies (kJ/mol)
           Bond          Angle    Proper Dih. Per. Imp. Dih.          LJ-14
    5.29643e+02    1.39017e+03    1.61146e+03    7.87314e+01    5.49574e+02
     Coulomb-14        LJ (SR)  Disper. corr.   Coulomb (SR)   Coul. recip.
    1.08182e+04    2.54731e+05   -1.40098e+04   -1.87925e+06    1.02789e+04
      Potential    Kinetic En.   Total Energy  Conserved En.    Temperature
   -1.61327e+06    3.03591e+05   -1.30968e+06   -1.29794e+06    3.00255e+02
 Pres. DC (bar) Pressure (bar)   Constr. rmsd
   -1.89587e+02    5.90401e+01    3.43416e-06


DD  step 214999  vol min/aver 0.500  load imb.: force 33.8%  pme mesh/force 0.685
           Step           Time
         215000      430.00000

   Energies (kJ/mol)
           Bond          Angle    Proper Dih. Per. Imp. Dih.          LJ-14
    4.66797e+02    1.38483e+03    1.60755e+03    6.95653e+01    5.57706e+02
     Coulomb-14        LJ (SR)  Disper. corr.   Coulomb (SR)   Coul. recip.
    1.07811e+04    2.58377e+05   -1.40194e+04   -1.88397e+06    1.02173e+04
      Potential    Kinetic En.   Total Energy  Conserved En.    Temperature
   -1.61453e+06    3.02967e+05   -1.31156e+06   -1.29763e+06    2.99638e+02
 Pres. DC (bar) Pressure (bar)   Constr. rmsd
   -1.89848e+02    2.35834e+02    3.41662e-06


DD  load balancing is limited by minimum cell size in dimension Y
DD  step 219999  vol min/aver 0.520! load imb.: force 46.1%  pme mesh/force 0.680
           Step           Time
         220000      440.00000

   Energies (kJ/mol)
           Bond          Angle    Proper Dih. Per. Imp. Dih.          LJ-14
    4.42004e+02    1.44644e+03    1.61983e+03    8.08853e+01    5.66372e+02
     Coulomb-14        LJ (SR)  Disper. corr.   Coulomb (SR)   Coul. recip.
    1.08060e+04    2.55769e+05   -1.40379e+04   -1.88265e+06    1.02131e+04
      Potential    Kinetic En.   Total Energy  Conserved En.    Temperature
   -1.61575e+06    3.03910e+05   -1.31184e+06   -1.29731e+06    3.00571e+02
 Pres. DC (bar) Pressure (bar)   Constr. rmsd
   -1.90347e+02    1.19403e+02    3.32748e-06

Writing checkpoint, step 223550 at Mon Jul 28 06:52:21 2025



DD  step 224999  vol min/aver 0.610  load imb.: force 38.4%  pme mesh/force 0.662
           Step           Time
         225000      450.00000

   Energies (kJ/mol)
           Bond          Angle    Proper Dih. Per. Imp. Dih.          LJ-14
    4.93034e+02    1.33191e+03    1.59997e+03    6.58453e+01    5.82996e+02
     Coulomb-14        LJ (SR)  Disper. corr.   Coulomb (SR)   Coul. recip.
    1.08234e+04    2.53775e+05   -1.40171e+04   -1.87938e+06    1.02702e+04
      Potential    Kinetic En.   Total Energy  Conserved En.    Temperature
   -1.61446e+06    3.01884e+05   -1.31258e+06   -1.29701e+06    2.98567e+02
 Pres. DC (bar) Pressure (bar)   Constr. rmsd
   -1.89786e+02    1.50910e+01    3.47255e-06


DD  step 229999  vol min/aver 0.629  load imb.: force 42.3%  pme mesh/force 0.539
           Step           Time
         230000      460.00000

   Energies (kJ/mol)
           Bond          Angle    Proper Dih. Per. Imp. Dih.          LJ-14
    4.53582e+02    1.36668e+03    1.61573e+03    7.77500e+01    5.56253e+02
     Coulomb-14        LJ (SR)  Disper. corr.   Coulomb (SR)   Coul. recip.
    1.08390e+04    2.53675e+05   -1.39773e+04   -1.87685e+06    1.01828e+04
      Potential    Kinetic En.   Total Energy  Conserved En.    Temperature
   -1.61206e+06    3.03477e+05   -1.30859e+06   -1.29675e+06    3.00142e+02
 Pres. DC (bar) Pressure (bar)   Constr. rmsd
   -1.88711e+02    1.57211e+00    3.79885e-06


DD  step 234999  vol min/aver 0.676  load imb.: force 43.7%  pme mesh/force 0.599
           Step           Time
         235000      470.00000

   Energies (kJ/mol)
           Bond          Angle    Proper Dih. Per. Imp. Dih.          LJ-14
    5.13322e+02    1.36537e+03    1.65235e+03    8.13068e+01    5.51221e+02
     Coulomb-14        LJ (SR)  Disper. corr.   Coulomb (SR)   Coul. recip.
    1.07592e+04    2.51605e+05   -1.39741e+04   -1.87809e+06    1.03307e+04
      Potential    Kinetic En.   Total Energy  Conserved En.    Temperature
   -1.61520e+06    3.05674e+05   -1.30953e+06   -1.29647e+06    3.02316e+02
 Pres. DC (bar) Pressure (bar)   Constr. rmsd
   -1.88625e+02   -1.38234e+02    3.54680e-06


DD  step 239999  vol min/aver 0.528  load imb.: force 44.6%  pme mesh/force 0.545
           Step           Time
         240000      480.00000

   Energies (kJ/mol)
           Bond          Angle    Proper Dih. Per. Imp. Dih.          LJ-14
    4.50755e+02    1.39926e+03    1.62190e+03    6.13096e+01    5.70848e+02
     Coulomb-14        LJ (SR)  Disper. corr.   Coulomb (SR)   Coul. recip.
    1.07763e+04    2.53939e+05   -1.40067e+04   -1.88094e+06    1.01820e+04
      Potential    Kinetic En.   Total Energy  Conserved En.    Temperature
   -1.61595e+06    3.03018e+05   -1.31293e+06   -1.29617e+06    2.99689e+02
 Pres. DC (bar) Pressure (bar)   Constr. rmsd
   -1.89504e+02   -3.55243e+01    3.48123e-06


DD  step 244999  vol min/aver 0.634  load imb.: force 34.6%  pme mesh/force 0.738
           Step           Time
         245000      490.00000

   Energies (kJ/mol)
           Bond          Angle    Proper Dih. Per. Imp. Dih.          LJ-14
    4.74151e+02    1.34320e+03    1.59526e+03    5.58599e+01    5.91450e+02
     Coulomb-14        LJ (SR)  Disper. corr.   Coulomb (SR)   Coul. recip.
    1.08112e+04    2.54552e+05   -1.39968e+04   -1.87994e+06    1.02072e+04
      Potential    Kinetic En.   Total Energy  Conserved En.    Temperature
   -1.61431e+06    3.03224e+05   -1.31109e+06   -1.29591e+06    2.99892e+02
 Pres. DC (bar) Pressure (bar)   Constr. rmsd
   -1.89237e+02    3.39204e+01    3.96410e-06


DD  step 249999  vol min/aver 0.555  load imb.: force 40.5%  pme mesh/force 0.515
           Step           Time
         250000      500.00000

   Energies (kJ/mol)
           Bond          Angle    Proper Dih. Per. Imp. Dih.          LJ-14
    4.77591e+02    1.25515e+03    1.62062e+03    7.75031e+01    5.74391e+02
     Coulomb-14        LJ (SR)  Disper. corr.   Coulomb (SR)   Coul. recip.
    1.09010e+04    2.55683e+05   -1.40047e+04   -1.88290e+06    1.01425e+04
      Potential    Kinetic En.   Total Energy  Conserved En.    Temperature
   -1.61617e+06    3.02815e+05   -1.31336e+06   -1.29540e+06    2.99487e+02
 Pres. DC (bar) Pressure (bar)   Constr. rmsd
   -1.89451e+02    7.48500e+01    3.68391e-06


DD  step 254999  vol min/aver 0.536  load imb.: force 46.6%  pme mesh/force 0.533
           Step           Time
         255000      510.00000

   Energies (kJ/mol)
           Bond          Angle    Proper Dih. Per. Imp. Dih.          LJ-14
    4.63481e+02    1.48403e+03    1.67010e+03    6.65091e+01    5.58904e+02
     Coulomb-14        LJ (SR)  Disper. corr.   Coulomb (SR)   Coul. recip.
    1.07732e+04    2.53866e+05   -1.40347e+04   -1.88112e+06    1.03050e+04
      Potential    Kinetic En.   Total Energy  Conserved En.    Temperature
   -1.61597e+06    3.04572e+05   -1.31140e+06   -1.29516e+06    3.01226e+02
 Pres. DC (bar) Pressure (bar)   Constr. rmsd
   -1.90261e+02   -9.38023e+00    4.37016e-06


DD  step 259999  vol min/aver 0.457  load imb.: force 45.9%  pme mesh/force 0.660
           Step           Time
         260000      520.00000

   Energies (kJ/mol)
           Bond          Angle    Proper Dih. Per. Imp. Dih.          LJ-14
    4.93783e+02    1.49340e+03    1.59505e+03    6.43697e+01    5.47607e+02
     Coulomb-14        LJ (SR)  Disper. corr.   Coulomb (SR)   Coul. recip.
    1.07721e+04    2.51097e+05   -1.39851e+04   -1.87656e+06    1.00901e+04
      Potential    Kinetic En.   Total Energy  Conserved En.    Temperature
   -1.61440e+06    3.02073e+05   -1.31232e+06   -1.29486e+06    2.98754e+02
 Pres. DC (bar) Pressure (bar)   Constr. rmsd
   -1.88921e+02   -1.72137e+02    3.30419e-06


DD  step 264999  vol min/aver 0.446  load imb.: force 55.0%  pme mesh/force 0.661
           Step           Time
         265000      530.00000

   Energies (kJ/mol)
           Bond          Angle    Proper Dih. Per. Imp. Dih.          LJ-14
    5.53694e+02    1.34614e+03    1.57023e+03    7.88911e+01    6.07884e+02
     Coulomb-14        LJ (SR)  Disper. corr.   Coulomb (SR)   Coul. recip.
    1.07558e+04    2.53940e+05   -1.39893e+04   -1.87961e+06    1.02408e+04
      Potential    Kinetic En.   Total Energy  Conserved En.    Temperature
   -1.61450e+06    3.04061e+05   -1.31044e+06   -1.29448e+06    3.00721e+02
 Pres. DC (bar) Pressure (bar)   Constr. rmsd
   -1.89034e+02    8.80633e+00    3.11147e-06

Writing checkpoint, step 269000 at Mon Jul 28 07:07:21 2025



DD  step 269999  vol min/aver 0.563  load imb.: force 45.7%  pme mesh/force 0.553
           Step           Time
         270000      540.00000

   Energies (kJ/mol)
           Bond          Angle    Proper Dih. Per. Imp. Dih.          LJ-14
    4.93404e+02    1.33675e+03    1.64307e+03    7.20975e+01    5.58746e+02
     Coulomb-14        LJ (SR)  Disper. corr.   Coulomb (SR)   Coul. recip.
    1.08190e+04    2.53930e+05   -1.39895e+04   -1.87851e+06    1.03639e+04
      Potential    Kinetic En.   Total Energy  Conserved En.    Temperature
   -1.61328e+06    3.04507e+05   -1.30878e+06   -1.29428e+06    3.01162e+02
 Pres. DC (bar) Pressure (bar)   Constr. rmsd
   -1.89038e+02   -4.95724e+00    3.69590e-06


DD  step 274999  vol min/aver 0.540  load imb.: force 41.9%  pme mesh/force 0.704
           Step           Time
         275000      550.00000

   Energies (kJ/mol)
           Bond          Angle    Proper Dih. Per. Imp. Dih.          LJ-14
    5.41322e+02    1.30426e+03    1.59804e+03    6.35388e+01    5.75800e+02
     Coulomb-14        LJ (SR)  Disper. corr.   Coulomb (SR)   Coul. recip.
    1.07577e+04    2.54309e+05   -1.39857e+04   -1.87944e+06    1.05101e+04
      Potential    Kinetic En.   Total Energy  Conserved En.    Temperature
   -1.61376e+06    3.02065e+05   -1.31170e+06   -1.29389e+06    2.98746e+02
 Pres. DC (bar) Pressure (bar)   Constr. rmsd
   -1.88936e+02    3.22048e+01    3.78324e-06


DD  step 279999  vol min/aver 0.468  load imb.: force 61.1%  pme mesh/force 0.632
           Step           Time
         280000      560.00000

   Energies (kJ/mol)
           Bond          Angle    Proper Dih. Per. Imp. Dih.          LJ-14
    5.53381e+02    1.34474e+03    1.64155e+03    6.40743e+01    5.45678e+02
     Coulomb-14        LJ (SR)  Disper. corr.   Coulomb (SR)   Coul. recip.
    1.08057e+04    2.52614e+05   -1.39877e+04   -1.87722e+06    1.01929e+04
      Potential    Kinetic En.   Total Energy  Conserved En.    Temperature
   -1.61345e+06    3.02954e+05   -1.31049e+06   -1.29369e+06    2.99625e+02
 Pres. DC (bar) Pressure (bar)   Constr. rmsd
   -1.88990e+02   -7.58129e+01    3.36158e-06


DD  load balancing is limited by minimum cell size in dimension Y
DD  step 284999  vol min/aver 0.591! load imb.: force 34.6%  pme mesh/force 0.583
           Step           Time
         285000      570.00000

   Energies (kJ/mol)
           Bond          Angle    Proper Dih. Per. Imp. Dih.          LJ-14
    4.71553e+02    1.35542e+03    1.60969e+03    6.84282e+01    5.58959e+02
     Coulomb-14        LJ (SR)  Disper. corr.   Coulomb (SR)   Coul. recip.
    1.07797e+04    2.53531e+05   -1.40271e+04   -1.87987e+06    1.03812e+04
      Potential    Kinetic En.   Total Energy  Conserved En.    Temperature
   -1.61514e+06    3.03958e+05   -1.31118e+06   -1.29339e+06    3.00618e+02
 Pres. DC (bar) Pressure (bar)   Constr. rmsd
   -1.90056e+02    1.84040e+01    3.41010e-06


DD  step 289999  vol min/aver 0.506  load imb.: force 51.9%  pme mesh/force 0.683
           Step           Time
         290000      580.00000

   Energies (kJ/mol)
           Bond          Angle    Proper Dih. Per. Imp. Dih.          LJ-14
    5.22808e+02    1.34138e+03    1.60150e+03    4.92648e+01    5.61979e+02
     Coulomb-14        LJ (SR)  Disper. corr.   Coulomb (SR)   Coul. recip.
    1.06931e+04    2.51799e+05   -1.40065e+04   -1.87906e+06    1.01955e+04
      Potential    Kinetic En.   Total Energy  Conserved En.    Temperature
   -1.61631e+06    3.02480e+05   -1.31383e+06   -1.29303e+06    2.99156e+02
 Pres. DC (bar) Pressure (bar)   Constr. rmsd
   -1.89498e+02   -1.14705e+02    3.35272e-06


DD  step 294999  vol min/aver 0.601  load imb.: force 44.5%  pme mesh/force 0.544
           Step           Time
         295000      590.00000

   Energies (kJ/mol)
           Bond          Angle    Proper Dih. Per. Imp. Dih.          LJ-14
    4.72968e+02    1.39966e+03    1.61538e+03    7.30016e+01    5.64079e+02
     Coulomb-14        LJ (SR)  Disper. corr.   Coulomb (SR)   Coul. recip.
    1.08885e+04    2.55944e+05   -1.40491e+04   -1.88180e+06    1.01457e+04
      Potential    Kinetic En.   Total Energy  Conserved En.    Temperature
   -1.61474e+06    3.03814e+05   -1.31093e+06   -1.29271e+06    3.00475e+02
 Pres. DC (bar) Pressure (bar)   Constr. rmsd
   -1.90652e+02    1.39110e+02    3.54839e-06


DD  step 299999  vol min/aver 0.497  load imb.: force 32.4%  pme mesh/force 0.562
           Step           Time
         300000      600.00000

   Energies (kJ/mol)
           Bond          Angle    Proper Dih. Per. Imp. Dih.          LJ-14
    5.08537e+02    1.42927e+03    1.60918e+03    7.51749e+01    5.75391e+02
     Coulomb-14        LJ (SR)  Disper. corr.   Coulomb (SR)   Coul. recip.
    1.07671e+04    2.55078e+05   -1.39817e+04   -1.88108e+06    1.03847e+04
      Potential    Kinetic En.   Total Energy  Conserved En.    Temperature
   -1.61463e+06    3.04006e+05   -1.31062e+06   -1.29249e+06    3.00665e+02
 Pres. DC (bar) Pressure (bar)   Constr. rmsd
   -1.88828e+02    1.14240e+01    3.38414e-06


DD  step 304999  vol min/aver 0.692  load imb.: force 40.6%  pme mesh/force 0.742
           Step           Time
         305000      610.00000

   Energies (kJ/mol)
           Bond          Angle    Proper Dih. Per. Imp. Dih.          LJ-14
    4.85220e+02    1.30889e+03    1.61259e+03    6.05653e+01    6.16477e+02
     Coulomb-14        LJ (SR)  Disper. corr.   Coulomb (SR)   Coul. recip.
    1.07849e+04    2.53509e+05   -1.40219e+04   -1.88116e+06    1.02858e+04
      Potential    Kinetic En.   Total Energy  Conserved En.    Temperature
   -1.61652e+06    3.02656e+05   -1.31387e+06   -1.29226e+06    2.99330e+02
 Pres. DC (bar) Pressure (bar)   Constr. rmsd
   -1.89915e+02   -3.46679e+00    3.05439e-06


DD  step 309999  vol min/aver 0.623  load imb.: force 34.3%  pme mesh/force 0.580
           Step           Time
         310000      620.00000

   Energies (kJ/mol)
           Bond          Angle    Proper Dih. Per. Imp. Dih.          LJ-14
    4.65875e+02    1.36218e+03    1.64035e+03    7.44929e+01    5.81274e+02
     Coulomb-14        LJ (SR)  Disper. corr.   Coulomb (SR)   Coul. recip.
    1.08400e+04    2.53649e+05   -1.39535e+04   -1.87716e+06    1.02941e+04
      Potential    Kinetic En.   Total Energy  Conserved En.    Temperature
   -1.61220e+06    3.04418e+05   -1.30779e+06   -1.29200e+06    3.01074e+02
 Pres. DC (bar) Pressure (bar)   Constr. rmsd
   -1.88070e+02   -2.08923e+01    3.62319e-06

Writing checkpoint, step 314500 at Mon Jul 28 07:22:21 2025



DD  step 314999  vol min/aver 0.630  load imb.: force 36.1%  pme mesh/force 0.743
           Step           Time
         315000      630.00000

   Energies (kJ/mol)
           Bond          Angle    Proper Dih. Per. Imp. Dih.          LJ-14
    5.28317e+02    1.31938e+03    1.57398e+03    5.93636e+01    5.57682e+02
     Coulomb-14        LJ (SR)  Disper. corr.   Coulomb (SR)   Coul. recip.
    1.08435e+04    2.52790e+05   -1.40039e+04   -1.88048e+06    1.01277e+04
      Potential    Kinetic En.   Total Energy  Conserved En.    Temperature
   -1.61668e+06    3.02566e+05   -1.31411e+06   -1.29163e+06    2.99242e+02
 Pres. DC (bar) Pressure (bar)   Constr. rmsd
   -1.89428e+02   -8.03973e+01    3.17366e-06


DD  step 319999  vol min/aver 0.509  load imb.: force 36.3%  pme mesh/force 0.490
           Step           Time
         320000      640.00000

   Energies (kJ/mol)
           Bond          Angle    Proper Dih. Per. Imp. Dih.          LJ-14
    5.19375e+02    1.25029e+03    1.52505e+03    4.77566e+01    5.36721e+02
     Coulomb-14        LJ (SR)  Disper. corr.   Coulomb (SR)   Coul. recip.
    1.07780e+04    2.54765e+05   -1.39976e+04   -1.88064e+06    1.02160e+04
      Potential    Kinetic En.   Total Energy  Conserved En.    Temperature
   -1.61500e+06    3.02289e+05   -1.31271e+06   -1.29139e+06    2.98967e+02
 Pres. DC (bar) Pressure (bar)   Constr. rmsd
   -1.89258e+02   -2.00175e-01    3.36052e-06


DD  step 324999  vol min/aver 0.550  load imb.: force 44.7%  pme mesh/force 0.646
           Step           Time
         325000      650.00000

   Energies (kJ/mol)
           Bond          Angle    Proper Dih. Per. Imp. Dih.          LJ-14
    5.11779e+02    1.39296e+03    1.54940e+03    6.32221e+01    5.52066e+02
     Coulomb-14        LJ (SR)  Disper. corr.   Coulomb (SR)   Coul. recip.
    1.07819e+04    2.55559e+05   -1.40829e+04   -1.88237e+06    1.00982e+04
      Potential    Kinetic En.   Total Energy  Conserved En.    Temperature
   -1.61594e+06    3.01666e+05   -1.31427e+06   -1.29104e+06    2.98351e+02
 Pres. DC (bar) Pressure (bar)   Constr. rmsd
   -1.91570e+02    1.19851e+02    3.78429e-06


DD  step 329999  vol min/aver 0.563  load imb.: force 44.7%  pme mesh/force 0.719
           Step           Time
         330000      660.00000

   Energies (kJ/mol)
           Bond          Angle    Proper Dih. Per. Imp. Dih.          LJ-14
    4.54981e+02    1.32914e+03    1.60893e+03    7.10317e+01    5.74016e+02
     Coulomb-14        LJ (SR)  Disper. corr.   Coulomb (SR)   Coul. recip.
    1.07943e+04    2.52152e+05   -1.39672e+04   -1.87942e+06    1.01845e+04
      Potential    Kinetic En.   Total Energy  Conserved En.    Temperature
   -1.61622e+06    3.02710e+05   -1.31351e+06   -1.29072e+06    2.99384e+02
 Pres. DC (bar) Pressure (bar)   Constr. rmsd
   -1.88437e+02   -1.48500e+02    3.72089e-06


DD  step 334999  vol min/aver 0.560  load imb.: force 33.2%  pme mesh/force 0.614
           Step           Time
         335000      670.00000

   Energies (kJ/mol)
           Bond          Angle    Proper Dih. Per. Imp. Dih.          LJ-14
    4.92511e+02    1.39242e+03    1.58408e+03    8.59024e+01    5.56616e+02
     Coulomb-14        LJ (SR)  Disper. corr.   Coulomb (SR)   Coul. recip.
    1.08478e+04    2.52686e+05   -1.40085e+04   -1.87858e+06    1.02126e+04
      Potential    Kinetic En.   Total Energy  Conserved En.    Temperature
   -1.61473e+06    3.02583e+05   -1.31215e+06   -1.29042e+06    2.99259e+02
 Pres. DC (bar) Pressure (bar)   Constr. rmsd
   -1.89552e+02   -8.56928e+01    3.03222e-06


DD  load balancing is limited by minimum cell size in dimension Y
DD  step 339999  vol min/aver 0.525! load imb.: force 44.6%  pme mesh/force 0.526
           Step           Time
         340000      680.00000

   Energies (kJ/mol)
           Bond          Angle    Proper Dih. Per. Imp. Dih.          LJ-14
    4.49435e+02    1.43193e+03    1.62084e+03    8.05878e+01    5.63095e+02
     Coulomb-14        LJ (SR)  Disper. corr.   Coulomb (SR)   Coul. recip.
    1.08015e+04    2.51171e+05   -1.38855e+04   -1.87556e+06    1.05070e+04
      Potential    Kinetic En.   Total Energy  Conserved En.    Temperature
   -1.61282e+06    3.03482e+05   -1.30934e+06   -1.29007e+06    3.00147e+02
 Pres. DC (bar) Pressure (bar)   Constr. rmsd
   -1.86244e+02   -2.11557e+02    4.01565e-06


DD  step 344999  vol min/aver 0.734  load imb.: force 31.8%  pme mesh/force 0.609
           Step           Time
         345000      690.00000

   Energies (kJ/mol)
           Bond          Angle    Proper Dih. Per. Imp. Dih.          LJ-14
    4.84335e+02    1.37399e+03    1.59132e+03    7.33991e+01    5.66656e+02
     Coulomb-14        LJ (SR)  Disper. corr.   Coulomb (SR)   Coul. recip.
    1.09223e+04    2.53013e+05   -1.39713e+04   -1.87966e+06    1.03559e+04
      Potential    Kinetic En.   Total Energy  Conserved En.    Temperature
   -1.61525e+06    3.02674e+05   -1.31257e+06   -1.28971e+06    2.99349e+02
 Pres. DC (bar) Pressure (bar)   Constr. rmsd
   -1.88550e+02   -7.83722e+01    3.36482e-06


DD  step 349999  vol min/aver 0.578  load imb.: force 27.1%  pme mesh/force 0.606
           Step           Time
         350000      700.00000

   Energies (kJ/mol)
           Bond          Angle    Proper Dih. Per. Imp. Dih.          LJ-14
    5.02581e+02    1.35226e+03    1.57804e+03    5.82161e+01    5.77058e+02
     Coulomb-14        LJ (SR)  Disper. corr.   Coulomb (SR)   Coul. recip.
    1.08483e+04    2.54950e+05   -1.39914e+04   -1.88154e+06    1.03772e+04
      Potential    Kinetic En.   Total Energy  Conserved En.    Temperature
   -1.61529e+06    3.03744e+05   -1.31155e+06   -1.28940e+06    3.00407e+02
 Pres. DC (bar) Pressure (bar)   Constr. rmsd
   -1.89091e+02    1.27665e+01    3.99895e-06


DD  step 354999  vol min/aver 0.678  load imb.: force 35.4%  pme mesh/force 0.641
           Step           Time
         355000      710.00000

   Energies (kJ/mol)
           Bond          Angle    Proper Dih. Per. Imp. Dih.          LJ-14
    4.52148e+02    1.39262e+03    1.64032e+03    9.39377e+01    5.21204e+02
     Coulomb-14        LJ (SR)  Disper. corr.   Coulomb (SR)   Coul. recip.
    1.07714e+04    2.53914e+05   -1.39934e+04   -1.87991e+06    1.03823e+04
      Potential    Kinetic En.   Total Energy  Conserved En.    Temperature
   -1.61474e+06    3.02742e+05   -1.31200e+06   -1.28915e+06    2.99416e+02
 Pres. DC (bar) Pressure (bar)   Constr. rmsd
   -1.89145e+02   -3.65995e+01    3.39241e-06


DD  step 359999  vol min/aver 0.605  load imb.: force 44.9%  pme mesh/force 0.565
           Step           Time
         360000      720.00000

   Energies (kJ/mol)
           Bond          Angle    Proper Dih. Per. Imp. Dih.          LJ-14
    4.53802e+02    1.41440e+03    1.59181e+03    8.19570e+01    5.65814e+02
     Coulomb-14        LJ (SR)  Disper. corr.   Coulomb (SR)   Coul. recip.
    1.09381e+04    2.56645e+05   -1.40309e+04   -1.88332e+06    1.04091e+04
      Potential    Kinetic En.   Total Energy  Conserved En.    Temperature
   -1.61525e+06    3.02801e+05   -1.31245e+06   -1.28885e+06    2.99474e+02
 Pres. DC (bar) Pressure (bar)   Constr. rmsd
   -1.90160e+02    1.58383e+02    3.58001e-06

Writing checkpoint, step 360200 at Mon Jul 28 07:37:21 2025



DD  step 364999  vol min/aver 0.605  load imb.: force 38.2%  pme mesh/force 0.486
           Step           Time
         365000      730.00000

   Energies (kJ/mol)
           Bond          Angle    Proper Dih. Per. Imp. Dih.          LJ-14
    5.08835e+02    1.39742e+03    1.62819e+03    8.73778e+01    5.89107e+02
     Coulomb-14        LJ (SR)  Disper. corr.   Coulomb (SR)   Coul. recip.
    1.08596e+04    2.55311e+05   -1.39888e+04   -1.88329e+06    1.03337e+04
      Potential    Kinetic En.   Total Energy  Conserved En.    Temperature
   -1.61656e+06    3.04709e+05   -1.31185e+06   -1.28846e+06    3.01361e+02
 Pres. DC (bar) Pressure (bar)   Constr. rmsd
   -1.89021e+02    2.64701e+01    3.77656e-06


DD  step 369999  vol min/aver 0.609  load imb.: force 51.0%  pme mesh/force 0.462
           Step           Time
         370000      740.00000

   Energies (kJ/mol)
           Bond          Angle    Proper Dih. Per. Imp. Dih.          LJ-14
    4.66788e+02    1.36538e+03    1.66170e+03    8.77681e+01    5.38786e+02
     Coulomb-14        LJ (SR)  Disper. corr.   Coulomb (SR)   Coul. recip.
    1.08155e+04    2.54781e+05   -1.39987e+04   -1.88230e+06    1.02630e+04
      Potential    Kinetic En.   Total Energy  Conserved En.    Temperature
   -1.61632e+06    3.02802e+05   -1.31352e+06   -1.28819e+06    2.99475e+02
 Pres. DC (bar) Pressure (bar)   Constr. rmsd
   -1.89287e+02   -2.06735e+01    3.53530e-06


DD  step 374999  vol min/aver 0.464  load imb.: force 39.7%  pme mesh/force 0.573
           Step           Time
         375000      750.00000

   Energies (kJ/mol)
           Bond          Angle    Proper Dih. Per. Imp. Dih.          LJ-14
    5.03548e+02    1.42149e+03    1.60757e+03    8.31295e+01    5.95842e+02
     Coulomb-14        LJ (SR)  Disper. corr.   Coulomb (SR)   Coul. recip.
    1.08504e+04    2.53119e+05   -1.40322e+04   -1.87868e+06    1.01669e+04
      Potential    Kinetic En.   Total Energy  Conserved En.    Temperature
   -1.61437e+06    3.04067e+05   -1.31030e+06   -1.28791e+06    3.00726e+02
 Pres. DC (bar) Pressure (bar)   Constr. rmsd
   -1.90195e+02    5.11637e+00    3.52143e-06


DD  load balancing is limited by minimum cell size in dimension Y
DD  step 379999  vol min/aver 0.417! load imb.: force 45.4%  pme mesh/force 0.752
           Step           Time
         380000      760.00000

   Energies (kJ/mol)
           Bond          Angle    Proper Dih. Per. Imp. Dih.          LJ-14
    4.53694e+02    1.40840e+03    1.59821e+03    6.03979e+01    5.44909e+02
     Coulomb-14        LJ (SR)  Disper. corr.   Coulomb (SR)   Coul. recip.
    1.08672e+04    2.52771e+05   -1.39747e+04   -1.87867e+06    1.03617e+04
      Potential    Kinetic En.   Total Energy  Conserved En.    Temperature
   -1.61458e+06    3.02262e+05   -1.31232e+06   -1.28766e+06    2.98941e+02
 Pres. DC (bar) Pressure (bar)   Constr. rmsd
   -1.88641e+02   -1.00377e+02    3.63366e-06


DD  step 384999  vol min/aver 0.538  load imb.: force 47.6%  pme mesh/force 0.678
           Step           Time
         385000      770.00000

   Energies (kJ/mol)
           Bond          Angle    Proper Dih. Per. Imp. Dih.          LJ-14
    4.75910e+02    1.40525e+03    1.63890e+03    7.69302e+01    5.46528e+02
     Coulomb-14        LJ (SR)  Disper. corr.   Coulomb (SR)   Coul. recip.
    1.08645e+04    2.52184e+05   -1.40118e+04   -1.87687e+06    1.03940e+04
      Potential    Kinetic En.   Total Energy  Conserved En.    Temperature
   -1.61329e+06    3.02721e+05   -1.31057e+06   -1.28744e+06    2.99395e+02
 Pres. DC (bar) Pressure (bar)   Constr. rmsd
   -1.89642e+02   -5.61326e+01    3.61123e-06


DD  load balancing is limited by minimum cell size in dimension Y
DD  step 389999  vol min/aver 0.514! load imb.: force 40.2%  pme mesh/force 0.624
           Step           Time
         390000      780.00000

   Energies (kJ/mol)
           Bond          Angle    Proper Dih. Per. Imp. Dih.          LJ-14
    4.69740e+02    1.36483e+03    1.58366e+03    8.01604e+01    5.90246e+02
     Coulomb-14        LJ (SR)  Disper. corr.   Coulomb (SR)   Coul. recip.
    1.07718e+04    2.54742e+05   -1.40447e+04   -1.88172e+06    1.04751e+04
      Potential    Kinetic En.   Total Energy  Conserved En.    Temperature
   -1.61568e+06    3.03079e+05   -1.31261e+06   -1.28710e+06    2.99749e+02
 Pres. DC (bar) Pressure (bar)   Constr. rmsd
   -1.90533e+02    7.70469e+01    3.33594e-06


DD  step 394999  vol min/aver 0.523  load imb.: force 53.7%  pme mesh/force 0.706
           Step           Time
         395000      790.00000

   Energies (kJ/mol)
           Bond          Angle    Proper Dih. Per. Imp. Dih.          LJ-14
    4.98846e+02    1.31852e+03    1.58535e+03    6.67515e+01    5.57013e+02
     Coulomb-14        LJ (SR)  Disper. corr.   Coulomb (SR)   Coul. recip.
    1.07711e+04    2.52102e+05   -1.39198e+04   -1.87632e+06    1.03440e+04
      Potential    Kinetic En.   Total Energy  Conserved En.    Temperature
   -1.61300e+06    3.01858e+05   -1.31114e+06   -1.28683e+06    2.98542e+02
 Pres. DC (bar) Pressure (bar)   Constr. rmsd
   -1.87161e+02   -1.31891e+02    3.79897e-06


DD  load balancing is limited by minimum cell size in dimension Y
DD  step 399999  vol min/aver 0.443! load imb.: force 43.3%  pme mesh/force 0.590
           Step           Time
         400000      800.00000

   Energies (kJ/mol)
           Bond          Angle    Proper Dih. Per. Imp. Dih.          LJ-14
    4.73054e+02    1.33774e+03    1.57539e+03    7.70155e+01    5.58838e+02
     Coulomb-14        LJ (SR)  Disper. corr.   Coulomb (SR)   Coul. recip.
    1.08938e+04    2.54381e+05   -1.40172e+04   -1.88046e+06    1.02578e+04
      Potential    Kinetic En.   Total Energy  Conserved En.    Temperature
   -1.61492e+06    3.03595e+05   -1.31132e+06   -1.28647e+06    3.00260e+02
 Pres. DC (bar) Pressure (bar)   Constr. rmsd
   -1.89789e+02    3.61752e+01    3.41948e-06


DD  step 404999  vol min/aver 0.545  load imb.: force 41.5%  pme mesh/force 0.480
           Step           Time
         405000      810.00000

   Energies (kJ/mol)
           Bond          Angle    Proper Dih. Per. Imp. Dih.          LJ-14
    5.58681e+02    1.43799e+03    1.57295e+03    5.48243e+01    5.36741e+02
     Coulomb-14        LJ (SR)  Disper. corr.   Coulomb (SR)   Coul. recip.
    1.09094e+04    2.55282e+05   -1.39862e+04   -1.87988e+06    1.03258e+04
      Potential    Kinetic En.   Total Energy  Conserved En.    Temperature
   -1.61318e+06    3.03619e+05   -1.30957e+06   -1.28627e+06    3.00283e+02
 Pres. DC (bar) Pressure (bar)   Constr. rmsd
   -1.88950e+02    5.38726e+01    3.77079e-06

Writing checkpoint, step 405150 at Mon Jul 28 07:52:21 2025



DD  step 409999  vol min/aver 0.474  load imb.: force 35.6%  pme mesh/force 0.604
           Step           Time
         410000      820.00000

   Energies (kJ/mol)
           Bond          Angle    Proper Dih. Per. Imp. Dih.          LJ-14
    5.02349e+02    1.37655e+03    1.60018e+03    8.22599e+01    5.81962e+02
     Coulomb-14        LJ (SR)  Disper. corr.   Coulomb (SR)   Coul. recip.
    1.07947e+04    2.52339e+05   -1.39535e+04   -1.87630e+06    1.02533e+04
      Potential    Kinetic En.   Total Energy  Conserved En.    Temperature
   -1.61272e+06    3.02382e+05   -1.31034e+06   -1.28600e+06    2.99059e+02
 Pres. DC (bar) Pressure (bar)   Constr. rmsd
   -1.88068e+02   -8.41903e+01    3.63299e-06


DD  step 414999  vol min/aver 0.606  load imb.: force 38.7%  pme mesh/force 0.723
           Step           Time
         415000      830.00000

   Energies (kJ/mol)
           Bond          Angle    Proper Dih. Per. Imp. Dih.          LJ-14
    4.90913e+02    1.37666e+03    1.57963e+03    7.80347e+01    5.24525e+02
     Coulomb-14        LJ (SR)  Disper. corr.   Coulomb (SR)   Coul. recip.
    1.08210e+04    2.55304e+05   -1.39751e+04   -1.88224e+06    1.03212e+04
      Potential    Kinetic En.   Total Energy  Conserved En.    Temperature
   -1.61572e+06    3.04017e+05   -1.31170e+06   -1.28581e+06    3.00677e+02
 Pres. DC (bar) Pressure (bar)   Constr. rmsd
   -1.88651e+02    2.21367e+01    3.08890e-06


DD  step 419999  vol min/aver 0.572  load imb.: force 32.8%  pme mesh/force 0.635
           Step           Time
         420000      840.00000

   Energies (kJ/mol)
           Bond          Angle    Proper Dih. Per. Imp. Dih.          LJ-14
    4.65063e+02    1.39293e+03    1.66689e+03    7.38750e+01    5.84152e+02
     Coulomb-14        LJ (SR)  Disper. corr.   Coulomb (SR)   Coul. recip.
    1.08658e+04    2.54157e+05   -1.40013e+04   -1.87938e+06    1.03706e+04
      Potential    Kinetic En.   Total Energy  Conserved En.    Temperature
   -1.61381e+06    3.05064e+05   -1.30874e+06   -1.28551e+06    3.01712e+02
 Pres. DC (bar) Pressure (bar)   Constr. rmsd
   -1.89358e+02    3.50336e+01    3.34993e-06


DD  load balancing is limited by minimum cell size in dimension X
DD  step 424999  vol min/aver 0.531! load imb.: force 34.5%  pme mesh/force 0.732
           Step           Time
         425000      850.00000

   Energies (kJ/mol)
           Bond          Angle    Proper Dih. Per. Imp. Dih.          LJ-14
    4.78300e+02    1.31660e+03    1.63798e+03    6.49546e+01    5.50149e+02
     Coulomb-14        LJ (SR)  Disper. corr.   Coulomb (SR)   Coul. recip.
    1.08749e+04    2.54449e+05   -1.40164e+04   -1.88094e+06    1.01767e+04
      Potential    Kinetic En.   Total Energy  Conserved En.    Temperature
   -1.61540e+06    3.04951e+05   -1.31045e+06   -1.28523e+06    3.01600e+02
 Pres. DC (bar) Pressure (bar)   Constr. rmsd
   -1.89766e+02    4.51733e+01    3.69129e-06


DD  step 429999  vol min/aver 0.566  load imb.: force 41.5%  pme mesh/force 0.642
           Step           Time
         430000      860.00000

   Energies (kJ/mol)
           Bond          Angle    Proper Dih. Per. Imp. Dih.          LJ-14
    4.74283e+02    1.39090e+03    1.61183e+03    7.68651e+01    5.93683e+02
     Coulomb-14        LJ (SR)  Disper. corr.   Coulomb (SR)   Coul. recip.
    1.08168e+04    2.56636e+05   -1.40099e+04   -1.88538e+06    1.01327e+04
      Potential    Kinetic En.   Total Energy  Conserved En.    Temperature
   -1.61766e+06    3.04071e+05   -1.31359e+06   -1.28484e+06    3.00731e+02
 Pres. DC (bar) Pressure (bar)   Constr. rmsd
   -1.89591e+02    8.13839e+01    3.73089e-06


DD  step 434999  vol min/aver 0.526  load imb.: force 36.8%  pme mesh/force 0.653
           Step           Time
         435000      870.00000

   Energies (kJ/mol)
           Bond          Angle    Proper Dih. Per. Imp. Dih.          LJ-14
    5.35787e+02    1.28697e+03    1.59376e+03    5.55838e+01    5.52797e+02
     Coulomb-14        LJ (SR)  Disper. corr.   Coulomb (SR)   Coul. recip.
    1.08088e+04    2.53224e+05   -1.40188e+04   -1.88108e+06    1.01506e+04
      Potential    Kinetic En.   Total Energy  Conserved En.    Temperature
   -1.61689e+06    3.03056e+05   -1.31383e+06   -1.28454e+06    2.99726e+02
 Pres. DC (bar) Pressure (bar)   Constr. rmsd
   -1.89832e+02   -5.59504e+01    4.00631e-06


DD  step 439999  vol min/aver 0.615  load imb.: force 37.1%  pme mesh/force 0.609
           Step           Time
         440000      880.00000

   Energies (kJ/mol)
           Bond          Angle    Proper Dih. Per. Imp. Dih.          LJ-14
    5.22897e+02    1.32049e+03    1.57491e+03    7.86241e+01    5.59886e+02
     Coulomb-14        LJ (SR)  Disper. corr.   Coulomb (SR)   Coul. recip.
    1.09202e+04    2.53814e+05   -1.40125e+04   -1.88113e+06    1.02318e+04
      Potential    Kinetic En.   Total Energy  Conserved En.    Temperature
   -1.61612e+06    3.05184e+05   -1.31093e+06   -1.28425e+06    3.01831e+02
 Pres. DC (bar) Pressure (bar)   Constr. rmsd
   -1.89661e+02   -2.01693e+01    3.77359e-06


DD  step 444999  vol min/aver 0.452  load imb.: force 41.7%  pme mesh/force 0.523
           Step           Time
         445000      890.00000

   Energies (kJ/mol)
           Bond          Angle    Proper Dih. Per. Imp. Dih.          LJ-14
    4.06452e+02    1.33514e+03    1.62263e+03    5.86476e+01    5.65884e+02
     Coulomb-14        LJ (SR)  Disper. corr.   Coulomb (SR)   Coul. recip.
    1.08616e+04    2.53270e+05   -1.40650e+04   -1.88186e+06    1.01629e+04
      Potential    Kinetic En.   Total Energy  Conserved En.    Temperature
   -1.61764e+06    3.01990e+05   -1.31565e+06   -1.28399e+06    2.98672e+02
 Pres. DC (bar) Pressure (bar)   Constr. rmsd
   -1.91084e+02   -4.03102e+01    3.37002e-06


DD  step 449999  vol min/aver 0.497  load imb.: force 48.8%  pme mesh/force 0.567
           Step           Time
         450000      900.00000

   Energies (kJ/mol)
           Bond          Angle    Proper Dih. Per. Imp. Dih.          LJ-14
    4.79228e+02    1.29855e+03    1.58529e+03    8.43896e+01    5.66979e+02
     Coulomb-14        LJ (SR)  Disper. corr.   Coulomb (SR)   Coul. recip.
    1.08987e+04    2.56794e+05   -1.40819e+04   -1.88579e+06    1.02384e+04
      Potential    Kinetic En.   Total Energy  Conserved En.    Temperature
   -1.61793e+06    3.01781e+05   -1.31615e+06   -1.28358e+06    2.98465e+02
 Pres. DC (bar) Pressure (bar)   Constr. rmsd
   -1.91541e+02    1.55985e+02    3.42639e-06

Writing checkpoint, step 450450 at Mon Jul 28 08:07:21 2025



DD  step 454999  vol min/aver 0.537  load imb.: force 41.2%  pme mesh/force 0.554
           Step           Time
         455000      910.00000

   Energies (kJ/mol)
           Bond          Angle    Proper Dih. Per. Imp. Dih.          LJ-14
    4.99180e+02    1.43243e+03    1.63315e+03    7.36427e+01    5.65688e+02
     Coulomb-14        LJ (SR)  Disper. corr.   Coulomb (SR)   Coul. recip.
    1.09513e+04    2.53290e+05   -1.40134e+04   -1.87742e+06    1.02444e+04
      Potential    Kinetic En.   Total Energy  Conserved En.    Temperature
   -1.61274e+06    3.03438e+05   -1.30931e+06   -1.28328e+06    3.00104e+02
 Pres. DC (bar) Pressure (bar)   Constr. rmsd
   -1.89686e+02    1.94199e+01    3.72346e-06


DD  load balancing is limited by minimum cell size in dimension Y
DD  step 459999  vol min/aver 0.514! load imb.: force 44.1%  pme mesh/force 0.641
           Step           Time
         460000      920.00000

   Energies (kJ/mol)
           Bond          Angle    Proper Dih. Per. Imp. Dih.          LJ-14
    5.02823e+02    1.34919e+03    1.56449e+03    6.43437e+01    5.34387e+02
     Coulomb-14        LJ (SR)  Disper. corr.   Coulomb (SR)   Coul. recip.
    1.09163e+04    2.52781e+05   -1.40240e+04   -1.87960e+06    1.01356e+04
      Potential    Kinetic En.   Total Energy  Conserved En.    Temperature
   -1.61578e+06    3.03873e+05   -1.31191e+06   -1.28304e+06    3.00534e+02
 Pres. DC (bar) Pressure (bar)   Constr. rmsd
   -1.89970e+02   -6.75966e+01    3.51498e-06


DD  step 464999  vol min/aver 0.554  load imb.: force 45.4%  pme mesh/force 0.615
           Step           Time
         465000      930.00000

   Energies (kJ/mol)
           Bond          Angle    Proper Dih. Per. Imp. Dih.          LJ-14
    4.36363e+02    1.32021e+03    1.63072e+03    7.78413e+01    5.53161e+02
     Coulomb-14        LJ (SR)  Disper. corr.   Coulomb (SR)   Coul. recip.
    1.08426e+04    2.52286e+05   -1.39711e+04   -1.87803e+06    1.03348e+04
      Potential    Kinetic En.   Total Energy  Conserved En.    Temperature
   -1.61452e+06    3.02752e+05   -1.31177e+06   -1.28278e+06    2.99425e+02
 Pres. DC (bar) Pressure (bar)   Constr. rmsd
   -1.88543e+02   -1.11201e+02    3.69468e-06


DD  step 469999  vol min/aver 0.516  load imb.: force 44.2%  pme mesh/force 0.788
           Step           Time
         470000      940.00000

   Energies (kJ/mol)
           Bond          Angle    Proper Dih. Per. Imp. Dih.          LJ-14
    5.01133e+02    1.26951e+03    1.63673e+03    6.93290e+01    5.51722e+02
     Coulomb-14        LJ (SR)  Disper. corr.   Coulomb (SR)   Coul. recip.
    1.08154e+04    2.54281e+05   -1.39891e+04   -1.87921e+06    1.03041e+04
      Potential    Kinetic En.   Total Energy  Conserved En.    Temperature
   -1.61377e+06    3.03480e+05   -1.31029e+06   -1.28256e+06    3.00145e+02
 Pres. DC (bar) Pressure (bar)   Constr. rmsd
   -1.89027e+02    2.29512e+01    3.32508e-06


DD  step 474999  vol min/aver 0.537  load imb.: force 48.6%  pme mesh/force 0.675
           Step           Time
         475000      950.00000

   Energies (kJ/mol)
           Bond          Angle    Proper Dih. Per. Imp. Dih.          LJ-14
    4.72473e+02    1.29128e+03    1.64284e+03    8.63208e+01    5.81026e+02
     Coulomb-14        LJ (SR)  Disper. corr.   Coulomb (SR)   Coul. recip.
    1.07668e+04    2.53050e+05   -1.40423e+04   -1.88040e+06    1.01797e+04
      Potential    Kinetic En.   Total Energy  Conserved En.    Temperature
   -1.61637e+06    3.04000e+05   -1.31237e+06   -1.28228e+06    3.00660e+02
 Pres. DC (bar) Pressure (bar)   Constr. rmsd
   -1.90467e+02   -2.18747e+01    2.92125e-06


DD  step 479999  vol min/aver 0.455  load imb.: force 41.9%  pme mesh/force 0.776
           Step           Time
         480000      960.00000

   Energies (kJ/mol)
           Bond          Angle    Proper Dih. Per. Imp. Dih.          LJ-14
    4.97579e+02    1.33336e+03    1.60400e+03    5.89021e+01    5.32936e+02
     Coulomb-14        LJ (SR)  Disper. corr.   Coulomb (SR)   Coul. recip.
    1.08343e+04    2.55942e+05   -1.39916e+04   -1.88230e+06    1.03074e+04
      Potential    Kinetic En.   Total Energy  Conserved En.    Temperature
   -1.61519e+06    3.01924e+05   -1.31326e+06   -1.28194e+06    2.98606e+02
 Pres. DC (bar) Pressure (bar)   Constr. rmsd
   -1.89097e+02    7.60229e+01    3.02103e-06


DD  step 484999  vol min/aver 0.585  load imb.: force 45.1%  pme mesh/force 0.682
           Step           Time
         485000      970.00000

   Energies (kJ/mol)
           Bond          Angle    Proper Dih. Per. Imp. Dih.          LJ-14
    5.33824e+02    1.34746e+03    1.63310e+03    8.16599e+01    5.99718e+02
     Coulomb-14        LJ (SR)  Disper. corr.   Coulomb (SR)   Coul. recip.
    1.08141e+04    2.55191e+05   -1.40299e+04   -1.88194e+06    1.02083e+04
      Potential    Kinetic En.   Total Energy  Conserved En.    Temperature
   -1.61556e+06    3.03700e+05   -1.31186e+06   -1.28173e+06    3.00364e+02
 Pres. DC (bar) Pressure (bar)   Constr. rmsd
   -1.90132e+02    9.19872e+01    3.77021e-06


DD  step 489999  vol min/aver 0.646  load imb.: force 41.9%  pme mesh/force 0.593
           Step           Time
         490000      980.00000

   Energies (kJ/mol)
           Bond          Angle    Proper Dih. Per. Imp. Dih.          LJ-14
    5.03358e+02    1.31588e+03    1.61274e+03    7.39575e+01    5.84449e+02
     Coulomb-14        LJ (SR)  Disper. corr.   Coulomb (SR)   Coul. recip.
    1.08716e+04    2.54634e+05   -1.40339e+04   -1.88141e+06    1.01764e+04
      Potential    Kinetic En.   Total Energy  Conserved En.    Temperature
   -1.61567e+06    3.05940e+05   -1.30973e+06   -1.28138e+06    3.02579e+02
 Pres. DC (bar) Pressure (bar)   Constr. rmsd
   -1.90240e+02    3.49838e+01    3.46800e-06


DD  step 494999  vol min/aver 0.628  load imb.: force 34.0%  pme mesh/force 0.566
           Step           Time
         495000      990.00000

   Energies (kJ/mol)
           Bond          Angle    Proper Dih. Per. Imp. Dih.          LJ-14
    4.88345e+02    1.45164e+03    1.64113e+03    7.36480e+01    5.53919e+02
     Coulomb-14        LJ (SR)  Disper. corr.   Coulomb (SR)   Coul. recip.
    1.08535e+04    2.55734e+05   -1.39565e+04   -1.88312e+06    1.02119e+04
      Potential    Kinetic En.   Total Energy  Conserved En.    Temperature
   -1.61607e+06    3.03331e+05   -1.31274e+06   -1.28113e+06    2.99998e+02
 Pres. DC (bar) Pressure (bar)   Constr. rmsd
   -1.88148e+02    8.75196e+00    3.22468e-06

Writing checkpoint, step 495650 at Mon Jul 28 08:22:21 2025



DD  step 499999  vol min/aver 0.571  load imb.: force 34.5%  pme mesh/force 0.513
           Step           Time
         500000     1000.00000

Writing checkpoint, step 500000 at Mon Jul 28 08:23:50 2025


   Energies (kJ/mol)
           Bond          Angle    Proper Dih. Per. Imp. Dih.          LJ-14
    4.38254e+02    1.44074e+03    1.61151e+03    8.38130e+01    5.65953e+02
     Coulomb-14        LJ (SR)  Disper. corr.   Coulomb (SR)   Coul. recip.
    1.08298e+04    2.55042e+05   -1.40024e+04   -1.88088e+06    1.02444e+04
      Potential    Kinetic En.   Total Energy  Conserved En.    Temperature
   -1.61463e+06    3.04452e+05   -1.31017e+06   -1.28082e+06    3.01107e+02
 Pres. DC (bar) Pressure (bar)   Constr. rmsd
   -1.89388e+02    6.08134e+01    3.57794e-06


Energy conservation over simulation part #1 of length 1000 ps, time 0 to 1000 ps
  Conserved energy drift: 2.28e-04 kJ/mol/ps per atom


	<======  ###############  ==>
	<====  A V E R A G E S  ====>
	<==  ###############  ======>

	Statistics over 500001 steps using 5001 frames

   Energies (kJ/mol)
           Bond          Angle    Proper Dih. Per. Imp. Dih.          LJ-14
    4.76347e+02    1.37252e+03    1.61253e+03    7.47164e+01    5.59452e+02
     Coulomb-14        LJ (SR)  Disper. corr.   Coulomb (SR)   Coul. recip.
    1.08013e+04    2.54080e+05   -1.40006e+04   -1.88002e+06    1.02550e+04
      Potential    Kinetic En.   Total Energy  Conserved En.    Temperature
   -1.61479e+06    3.03351e+05   -1.31144e+06   -1.29529e+06    3.00018e+02
 Pres. DC (bar) Pressure (bar)   Constr. rmsd
   -1.89340e+02    9.16625e-01    0.00000e+00

          Box-X          Box-Y          Box-Z
    1.07126e+01    1.07126e+01    1.07126e+01

   Total Virial (kJ/mol)
    1.01083e+05    2.60070e+01    3.27075e+01
    2.56630e+01    1.01085e+05    2.11261e+01
    3.26570e+01    2.12866e+01    1.01092e+05

   Pressure (bar)
    1.28573e+00   -6.02533e-01   -8.26362e-01
   -5.93239e-01    6.72513e-01   -7.51789e-01
   -8.24995e-01   -7.56123e-01    7.91627e-01

      T-Protein  T-non-Protein
    3.00132e+02    3.00017e+02


	M E G A - F L O P S   A C C O U N T I N G

 NB=Group-cutoff nonbonded kernels    NxN=N-by-N cluster Verlet kernels
 RF=Reaction-Field  VdW=Van der Waals  QSTab=quadratic-spline table
 W3=SPC/TIP3p  W4=TIP4p (single or pairs)
 V&F=Potential and force  V=Potential only  F=Force only

 Computing:                               M-Number         M-Flops  % Flops
-----------------------------------------------------------------------------
 Pair Search distance check          540936.996296     4868432.967     0.4
 NxN QSTab Elec. + LJ [F]          14983274.763352   614314265.297    49.7
 NxN QSTab Elec. + LJ [V&F]          151375.254544     8931140.018     0.7
 NxN QSTab Elec. [F]               14736873.663464   501053704.558    40.5
 NxN QSTab Elec. [V&F]               148884.178880     6104251.334     0.5
 1,4 nonbonded interactions             798.001596       71820.144     0.0
 Calc Weights                        182178.364356     6558421.117     0.5
 Spread Q Bspline                   3886471.772928     7772943.546     0.6
 Gather F Bspline                   3886471.772928    23318830.638     1.9
 3D-FFT                             6908749.817472    55269998.540     4.5
 Solve PME                             2592.005184      165888.332     0.0
 Reset In Box                          1214.520000        3643.560     0.0
 CG-CoM                                1214.641452        3643.924     0.0
 Bonds                                  160.000320        9440.019     0.0
 Angles                                 561.501123       94332.189     0.0
 Propers                                847.501695      194077.888     0.0
 Impropers                               66.000132       13728.027     0.0
 Virial                                1232.643252       22187.579     0.0
 Stop-CM                                607.381452        6073.815     0.0
 Calc-Ekin                            12145.442904      327926.958     0.0
 Lincs                                  152.500305        9150.018     0.0
 Lincs-Mat                              828.001656        3312.007     0.0
 Constraint-V                         60720.621441      546485.593     0.0
 Constraint-Vir                        1211.481136       29075.547     0.0
 Settle                               20138.540277     7451259.902     0.6
-----------------------------------------------------------------------------
 Total                                              1237144033.516   100.0
-----------------------------------------------------------------------------


    D O M A I N   D E C O M P O S I T I O N   S T A T I S T I C S

 av. #atoms communicated per step for force:  2 x 231879.8


Dynamic load balancing report:
 DLB was turned on during the run due to measured imbalance.
 Average load imbalance: 42.1%.
 The balanceable part of the MD step is 61%, load imbalance is computed from this.
 Part of the total run time spent waiting due to load imbalance: 25.8%.
 Steps where the load balancing was limited by -rdd, -rcon and/or -dds: X 0 % Y 0 %
 Average PME mesh/force load: 0.620
 Part of the total run time spent waiting due to PP/PME imbalance: 6.0 %

NOTE: 25.8 % of the available CPU time was lost due to load imbalance
      in the domain decomposition.
      You can consider manually changing the decomposition (option -dd);
      e.g. by using fewer domains along the box dimension in which there is
      considerable inhomogeneity in the simulated system.
NOTE: 6.0 % performance was lost because the PME ranks
      had less work to do than the PP ranks.
      You might want to decrease the number of PME ranks
      or decrease the cut-off and the grid spacing.


      R E A L   C Y C L E   A N D   T I M E   A C C O U N T I N G

On 40 MPI ranks doing PP, and
on 8 MPI ranks doing PME

 Activity:              Num   Num      Call    Wall time         Giga-Cycles
                        Ranks Threads  Count      (s)         total sum    %
--------------------------------------------------------------------------------
 Domain decomp.           40    1      10000      78.044       7492.196   0.7
 DD comm. load            40    1       9999      10.449       1003.095   0.1
 DD comm. bounds          40    1       9998      16.955       1627.631   0.1
 Send X to PME            40    1     500001     776.663      74559.599   6.5
 Neighbor search          40    1      10001     118.435      11369.762   1.0
 Comm. coord.             40    1     490000     912.155      87566.734   7.6
 Force                    40    1     500001    4150.695     398466.225  34.6
 Wait + Comm. F           40    1     500001    3129.530     300434.519  26.1
 PME mesh *                8    1     500001    4222.767      81077.021   7.0
 PME wait for PP *                              5767.320     110732.411   9.6
 Wait + Recv. PME F       40    1     500001      10.913       1047.680   0.1
 NB X/F buffer ops.       40    1    1480001      53.854       5169.986   0.4
 Write traj.              40    1        111       4.221        405.192   0.0
 Update                   40    1     500001      14.617       1403.275   0.1
 Constraints              40    1     500001     149.721      14373.181   1.2
 Comm. energies           40    1      50001     554.323      53214.977   4.6
 Rest                                              9.512        913.199   0.1
--------------------------------------------------------------------------------
 Total                                          9990.087    1150856.701 100.0
--------------------------------------------------------------------------------
(*) Note that with separate PME ranks, the walltime column actually sums to
    twice the total reported, but the cycle count total and % are correct.
--------------------------------------------------------------------------------
 Breakdown of PME mesh activities
--------------------------------------------------------------------------------
 PME redist. X/F           8    1    1000002    1484.915      28510.326   2.5
 PME spread                8    1     500001     854.780      16411.764   1.4
 PME gather                8    1     500001    1244.030      23885.345   2.1
 PME 3D-FFT                8    1    1000002     383.302       7359.391   0.6
 PME 3D-FFT Comm.          8    1    1000002     155.083       2977.590   0.3
 PME solve Elec            8    1     500001      99.639       1913.069   0.2
--------------------------------------------------------------------------------

               Core t (s)   Wall t (s)        (%)
       Time:   479524.156     9990.087     4800.0
                         2h46:30
                 (ns/day)    (hour/ns)
Performance:        8.649        2.775
Finished mdrun on rank 0 Mon Jul 28 08:23:50 2025

